,EFFR,FEDFUNDS,CSUSHPINSA,T10YIEM,T5YIEM,PSAVERT,CIVPART,TB3MS,REAINTRATREARAT10Y,MORTGAGE30US,IPUTIL,GASREGW,T10Y3MM,UNRATE,H8B1058NCBCMG,RECPROUSM156N,SAHMREALTIME,CSUSHPINSA,INDPRO,HOUST,TOTALSA,MSACSR,DSPIC96,RSXFS,PMSAVE
2003-07-31,-0.4099999999999999,-0.20999999999999996,1.4220000000000255,0.26,0.20999999999999996,0.7999999999999998,-0.29999999999999716,-0.020000000000000018,0.22357322000000013,0.7000000000000002,0.030434402682657735,0.019502353732346878,3.06,6.2,11.2,0.06,0.47,0.010673672358791686,0.005167815929422392,0.016068559185859588,0.006112972432845476,0.028571428571428692,0.012078280472636704,0.010932114380390212,0.16050756901157603
2003-08-29,-0.030000000000000027,0.020000000000000018,1.3179999999999836,0.2599999999999998,0.31999999999999984,-0.1999999999999993,-0.10000000000000853,0.04999999999999993,0.6230154999999999,0.3799999999999999,0.004959862111805213,0.15237467018469664,3.48,6.1,10.0,0.22,0.47,0.009788558230038324,-0.002239816418579732,-0.03373748023194523,0.06689256294911483,-0.02777777777777779,0.006931976381354676,0.01687567678304891,-0.015346249760214814
2003-09-30,0.15999999999999992,-0.020000000000000018,1.11099999999999,-0.04999999999999982,0.0,-0.8000000000000007,0.0,-0.010000000000000009,0.14553379,-0.33999999999999986,-0.0092062460708906,-0.08929593589009743,3.31,6.1,-3.4,0.02,0.37,0.008171220534696433,0.006577019754190783,0.05782869612656838,-0.05344431059029675,0.08571428571428563,-0.011308485177875083,-0.005522277984638335,-0.14455484122345597
2003-10-31,-0.19999999999999996,0.0,0.9000000000000057,0.1299999999999999,0.09000000000000008,0.20000000000000018,0.0,-0.019999999999999907,-0.51641889,-0.040000000000000036,0.00554015440891531,-0.030798240100565644,3.35,6.0,-8.2,0.04,0.3,0.006565700779129768,0.0012868928431906124,0.014440433212996373,-0.046106675922712004,0.0,0.0037901071452681734,-0.006026842238541441,0.03233887497153276
2003-11-28,0.040000000000000036,-0.010000000000000009,0.7889999999999873,0.1299999999999999,0.040000000000000036,0.0,0.0,0.010000000000000009,0.3330822899999999,-0.05000000000000071,0.002398023139599914,-0.01945525291828798,3.35,5.8,7.2,0.04,0.23,0.005718385806227078,0.006841492669438898,0.05897305541433662,0.06513433197889484,0.07894736842105265,0.006004765381806942,0.012861946979953798,0.013236267372600974
2003-12-31,-0.07000000000000006,-0.020000000000000018,0.8629999999999995,-0.04999999999999982,0.020000000000000018,-0.09999999999999964,-0.19999999999998863,-0.030000000000000027,-0.00032898999999986245,-0.040000000000000036,0.012019522746788525,-0.022486772486772555,3.36,5.7,5.9,0.32,0.03,0.006219147479551657,0.0004960570519885188,-0.012481997119539123,-0.01172920343904793,-0.024390243902438935,0.0007735724722803816,-0.002464983578753688,-0.010668408447637834
2004-01-30,0.09000000000000008,0.020000000000000018,1.0770000000000266,-0.03000000000000025,-0.010000000000000231,-0.2999999999999998,0.19999999999998863,-0.020000000000000018,-0.011618300000000081,-0.16999999999999993,0.017156609505799114,0.09742895805142093,3.25,5.7,8.1,0.22,-0.1,0.007713352622683356,0.0016794651749658662,-0.07097715119105497,-0.03814023160684443,-0.050000000000000044,-0.0006012024048095421,0.0046863968416350765,-0.06382042253521125
2004-02-27,0.010000000000000009,0.010000000000000009,1.3239999999999839,0.06000000000000005,0.18000000000000016,0.0,-0.09999999999999432,0.050000000000000044,-0.13037362000000008,-0.09999999999999964,0.00945504467418834,0.040690505548705236,3.14,5.6,13.7,0.08,-0.1,0.0094097580043353,0.006068647307938102,-0.03401360544217691,0.020185684336627707,-0.02631578947368407,0.00177604629178707,0.007238816405115589,0.0021156558533146352
2004-03-31,0.010000000000000009,-0.010000000000000009,2.051000000000016,0.040000000000000036,0.06000000000000005,-0.20000000000000018,0.0,0.009999999999999898,-0.10141607999999991,-0.17999999999999972,-0.0404349545194429,0.041469194312796276,2.88,5.8,16.4,0.04,0.0,0.014440712812172185,-0.0038196825615557373,0.08234019501625145,0.012623297322686744,-0.027027027027027084,0.004031912155786355,0.018783905001922063,-0.01782782078348588
2004-04-30,-0.020000000000000018,0.0,2.0989999999999895,0.0900000000000003,0.10000000000000009,0.39999999999999947,-0.09999999999999432,0.0,-0.11201525000000001,0.6099999999999994,0.015564919506040997,0.030716723549488067,3.39,5.6,12.0,0.06,0.0,0.014568295391449215,0.0040753248858509394,0.0025025025025025016,-0.020235403258537676,0.11111111111111116,0.0034176349965824304,-0.011379795883427857,0.08048722235490802
2004-05-28,-0.010000000000000009,0.0,2.155000000000001,0.17999999999999972,0.13999999999999968,0.0,0.09999999999999432,0.08000000000000007,0.52509575,0.3100000000000005,0.019964745394997596,0.13907284768211925,3.68,5.6,19.4,0.02,0.0,0.014742199631958108,0.007256516011262537,-0.010983524712930626,0.07622203811101902,-0.050000000000000044,0.005080608537692877,0.018731092199383736,0.0053050397877985045
2004-06-30,0.3599999999999999,0.030000000000000027,2.1839999999999975,-0.04999999999999982,0.010000000000000231,0.5,0.09999999999999432,0.25,0.06333095000000011,-0.07000000000000028,-0.022955758420503125,-0.06928294573643412,3.44,5.6,7.9,0.86,-0.03,0.014723529332452356,-0.007711804820919821,-0.07723372034326093,-0.11068954140547682,0.026315789473684292,0.0008001280204832373,-0.014289579950876319,0.10883905013192607
2004-07-30,-0.08999999999999986,0.22999999999999998,1.8190000000000168,-0.10000000000000009,-0.1200000000000001,-0.5999999999999996,0.0,0.06000000000000005,-0.012777490000000169,-0.16999999999999993,-0.015126126060121425,-0.008328995314940135,3.14,5.5,11.1,0.18,-0.03,0.012084933363451622,0.0074196039072991216,0.09518599562363228,0.07024052433067474,0.15384615384615397,0.002473710942643814,0.011350318336835308,-0.10132857426135244
2004-08-31,0.26,0.16999999999999993,1.4769999999999754,-0.06000000000000005,-0.04999999999999982,0.0,-0.09999999999999432,0.1499999999999999,-0.07799592999999994,-0.2599999999999998,-0.023814508475728968,-0.020472440944881876,2.78,5.4,4.0,0.08,-0.07,0.009695609077243095,0.0008733195013206352,0.01098901098901095,-0.008781558726674077,-0.04444444444444451,0.0033214175134403945,0.0020288281516436246,-0.005736981465136681
2004-09-30,0.3899999999999999,0.18000000000000016,1.2940000000000111,-0.08999999999999986,-0.0900000000000003,-0.5999999999999996,-0.20000000000000284,0.16999999999999993,-0.3711110499999999,-0.10000000000000053,0.041845386099293114,0.027331189710610992,2.45,5.4,8.2,0.06,-0.07,0.008412758266477693,0.0011641219743507847,-0.058794466403162104,0.041848808066678345,-0.04651162790697683,0.0007387665404217092,0.018052309327257987,-0.10719041278295605
2004-10-29,-0.1499999999999999,0.1499999999999999,1.1899999999999977,0.040000000000000036,0.1200000000000001,-0.10000000000000053,0.10000000000000853,0.1100000000000001,0.20241465999999986,-0.08000000000000007,0.002330174188357681,0.05998956703182046,2.31,5.5,7.1,0.02,0.0,0.007672073651907141,0.008803970053913979,0.08766404199475075,-0.020195804195804246,-0.04878048780487798,0.0005606743042967377,0.006740829435864848,-0.03579418344519025
2004-11-30,0.22999999999999998,0.16999999999999993,1.1980000000000075,0.13999999999999968,0.25,-0.5,0.09999999999999432,0.30999999999999983,-0.0794175399999999,0.08000000000000007,0.003077436303740466,-0.042814960629921295,2.08,5.4,13.9,0.08,0.0,0.007664845359505623,0.0024628015451462204,-0.13996138996138996,-0.008678771268699426,0.10256410256410264,-0.0028111399592805064,0.003598597157040473,-0.10930652229956173
2004-12-31,-0.050000000000000044,0.2300000000000002,1.1739999999999782,0.050000000000000266,0.050000000000000266,2.8,-0.09999999999999432,0.1200000000000001,0.30184785999999986,0.08999999999999986,0.018307156991536067,-0.07917737789203094,2.01,5.4,6.9,0.06,0.0,0.007454157565906394,0.007833333333333359,0.14590347923681257,0.042621817762930725,-0.04651162790697683,0.03705056521779859,0.012107624832448094,0.8054992764109985
2005-01-31,0.53,0.11999999999999966,1.460000000000008,-0.06000000000000005,-0.10000000000000009,-3.3999999999999995,-0.10000000000000853,0.14000000000000012,-0.13026071999999989,-0.14999999999999947,-0.01603785235255517,0.06700167504187604,1.85,5.3,9.2,0.02,-0.1,0.009201487363710958,0.003563855285495743,0.049951028403526054,-0.06700917025743014,0.07317073170731736,-0.03635903873420698,-0.010231416152093442,-0.5251683231805065
2005-02-28,0.020000000000000018,0.2200000000000002,1.7940000000000111,0.040000000000000036,0.10999999999999988,-0.30000000000000027,0.10000000000000853,0.20999999999999996,0.03388321999999988,0.03000000000000025,-0.011973948571351478,0.008895866038723055,1.59,5.4,5.8,0.0,0.0,0.01120339723974273,0.0070763252335395155,0.029384328358208922,-0.00017763041032625715,-0.022727272727272818,0.0006372829255036905,0.013013320031277864,-0.11006076975016865
2005-03-31,0.43999999999999995,0.1299999999999999,2.651999999999987,0.16999999999999993,0.18999999999999995,0.20000000000000018,0.0,0.20000000000000018,0.1661819900000001,0.34999999999999964,0.029823137707351455,0.11670124481327804,1.7,5.2,4.1,0.16,-0.07,0.016378053901830336,-0.0012893324054281674,-0.15541458994109647,0.03120928579888682,-0.04651162790697683,0.003774433132592181,0.002498694091303877,0.08383915022761745
2005-04-29,0.010000000000000231,0.16000000000000014,2.4230000000000302,-0.08000000000000007,-0.10999999999999988,-0.3999999999999999,0.19999999999998863,0.03999999999999959,0.04118573000000003,-0.2599999999999998,-0.018635883122297803,0.038550859266140325,1.5,5.2,7.6,0.0,0.0,0.014722681314408126,0.001979528625394078,0.1056866952789699,0.019697926836271806,0.04878048780487809,0.003219064325302723,0.008137852297317005,-0.11795589779488969
2005-05-31,0.11999999999999966,0.20999999999999996,2.5449999999999875,-0.13999999999999968,-0.20000000000000018,0.5,0.0,0.06000000000000005,-0.23066116000000014,-0.1299999999999999,-0.001184199045161649,-0.06216457960644017,1.24,5.1,5.8,0.08,-0.1,0.015239612213246767,0.0010618040319576583,-0.017467248908296984,-0.019261094841180326,-0.023255813953488302,0.004455026553446428,-0.006531472214906464,0.19841269841269837
2005-06-30,0.26000000000000023,0.040000000000000036,2.470999999999975,-0.16000000000000014,-0.18999999999999995,-0.6000000000000001,0.0,0.13000000000000034,-0.12297756999999998,-0.1200000000000001,0.03243872304313111,0.05627086313781593,0.96,5.0,13.5,0.04,-0.07,0.014574387769546338,0.004323347523947918,0.021234567901234458,0.06132996439646243,0.023809523809523725,0.002277819959628946,0.030529266740893846,-0.1956953642384106
2005-07-29,-0.040000000000000036,0.21999999999999975,2.0829999999999984,-0.03000000000000025,-0.06999999999999984,-0.5,0.0,0.25,0.15313297000000015,0.23999999999999932,0.0006134617069950554,0.03340857787810392,0.89,5.0,7.7,0.62,-0.07,0.012109409063163046,-0.003196128001580978,-0.0067698259187620735,0.14354507087977497,-0.023255813953488302,0.001348804552677274,0.008138551524330406,-0.2037875668999588
2005-08-31,0.31999999999999984,0.2400000000000002,1.825000000000017,0.07000000000000028,0.10000000000000009,0.5,0.10000000000000853,0.21999999999999975,0.18819569000000014,0.0,-0.003250662414329142,0.1402359108781126,0.74,4.9,13.6,2.28,-0.07,0.010482601753035725,0.0033251306559491933,0.019961051606621316,-0.1758694109297375,0.0714285714285714,0.0016237660300766343,-0.011080632814493452,0.28593588417786964
2005-09-30,0.30000000000000027,0.1200000000000001,1.6879999999999882,0.1299999999999999,0.19999999999999973,0.10000000000000009,-0.10000000000000853,-0.020000000000000018,-0.2725266000000002,0.14000000000000057,0.012661257823649352,0.07394636015325684,0.71,5.0,8.5,11.46,0.03,0.009595106950199828,-0.01942562960386085,0.02673031026252981,-0.028189229532667337,0.04444444444444451,-0.00376729362783923,0.0020222805648193454,0.014073180538801688
2005-10-31,0.08999999999999941,0.1599999999999997,1.1399999999999864,0.020000000000000018,0.020000000000000018,0.19999999999999973,0.0,0.29000000000000004,0.23135466999999998,0.2400000000000002,-0.019336892592877075,-0.11523367820192654,0.67,5.0,8.1,0.14,0.03,0.006418521375365138,0.012232229731644395,-0.03998140399814043,-0.09399184734447918,-0.042553191489361764,0.005038971125308489,-0.0006244507890933448,0.08842188739095969
2005-11-30,0.010000000000000675,0.2200000000000002,0.9220000000000255,-0.040000000000000036,-0.1499999999999999,0.30000000000000027,-0.09999999999999432,0.16999999999999993,0.10864417000000004,0.1299999999999999,-0.008925456773675178,-0.13145161290322582,0.57,5.0,5.0,0.0,0.07,0.005158013102024794,0.01095830183651092,0.03970944309927371,0.07746478873239449,0.11111111111111116,0.0062188368199296296,0.009095623214452564,0.1092896174863387
2005-12-30,0.05999999999999961,0.16000000000000014,0.4339999999999975,-0.1299999999999999,-0.18000000000000016,-0.10000000000000009,0.0,0.010000000000000231,-0.05734174000000003,-0.0600000000000005,0.030230512920237373,0.01996285979572887,0.5,4.9,7.5,0.04,-0.03,0.002415499268114907,0.004961274976896357,-0.07126222636236612,0.039336722343258135,-0.019999999999999907,0.003510760847702521,0.0005426057203410384,-0.01444991789819372
2006-01-31,0.3799999999999999,0.1299999999999999,0.7210000000000036,0.06000000000000005,0.1200000000000001,0.6000000000000001,0.0,0.3500000000000001,0.046494449999999965,-0.09999999999999964,-0.08043923031103506,0.07282658170232148,0.08,4.7,9.0,0.02,-0.07,0.0040031758898877445,0.001548294120768956,0.1399197592778334,0.05281239082333755,0.08163265306122436,0.01097829850039167,0.028311848229353176,0.21026324558480503
2006-02-28,0.04999999999999982,0.20000000000000018,0.671999999999997,0.10999999999999988,0.16999999999999993,0.19999999999999973,0.09999999999999432,0.1899999999999995,0.1395710600000002,0.13999999999999968,0.03710752592663202,-0.0436996181586764,0.03,4.8,7.5,0.02,-0.07,0.003716238635609548,0.0004830302505336448,-0.06775186977562697,-0.055859742270891966,0.15094339622641506,0.004929393423269923,-0.006753570675170906,0.06965859030837018
2006-03-31,0.4800000000000004,0.09999999999999964,1.25,0.0,0.040000000000000036,0.19999999999999973,0.10000000000000853,0.08000000000000007,0.17920809999999987,0.08999999999999986,0.02541258503152699,0.10825199645075423,0.09,4.7,5.6,0.06,-0.07,0.00688705234159781,0.002158326873970662,-0.07078810759792353,-0.006502255286743641,-0.032786885245901565,0.003972595369191367,0.002180085017069011,0.0504504504504506
2006-04-28,-0.13999999999999968,0.20000000000000018,0.8979999999999961,0.06000000000000005,0.010000000000000231,-0.2999999999999998,-0.10000000000000853,0.08999999999999986,-0.025227850000000274,0.23000000000000043,-0.007843996047954382,0.1665332265812649,0.27,4.7,13.5,0.3,0.0,0.004913816689466444,0.0029179854009258044,-0.07516505840528187,0.009846698113207486,0.06779661016949134,-0.0004823280366570426,0.005273180020506807,-0.06370987503062975
2006-05-31,0.1899999999999995,0.15000000000000036,0.7319999999999993,0.08000000000000007,0.06000000000000005,-0.19999999999999973,0.0,0.1200000000000001,0.047977120000000095,0.040000000000000036,0.012607936398756348,-0.016129032258064613,0.27,4.6,3.5,0.2,-0.07,0.003985886042864539,0.00028679457907587746,0.0664470071389347,-0.02323816196648565,-0.015873015873015817,-0.0006791596293217461,-0.002377844810748986,-0.0515571839832506
2006-06-30,0.0,0.04999999999999982,0.1670000000000016,-0.08000000000000007,-0.08000000000000007,0.10000000000000009,0.10000000000000853,0.07000000000000028,0.04443971000000024,0.16000000000000014,0.004822831652050441,0.0006975933031043713,0.19,4.6,6.3,0.18,-0.03,0.0009057381494739225,0.0034192727434825265,-0.07209062821833156,0.01022177057803808,0.016129032258064502,0.001386069553864555,0.004319533614672633,0.0273178807947021
2006-07-31,0.2599999999999998,0.25,0.060000000000002274,0.0,-0.040000000000000036,-0.6000000000000001,-0.10000000000000853,0.16000000000000014,0.0455396699999997,-0.0600000000000005,0.01506194588475318,0.04705472289996515,0.01,4.7,8.8,0.14,0.03,0.00032512043002586033,-0.000629021624006576,-0.03607103218645946,0.0450887573964498,0.15873015873015883,-0.00016967012555602068,0.003156096836476996,-0.15175933387053453
2006-08-31,0.0,0.009999999999999787,-0.20300000000000296,0.009999999999999787,-0.03000000000000025,0.19999999999999973,0.10000000000000853,0.009999999999999787,-0.19806342999999993,-0.27999999999999936,-0.008236293965915631,-0.0529294274300931,-0.21,4.7,4.7,0.06,0.07,-0.0010996332750112803,0.004346315028025849,-0.050086355785837644,-0.06816895028875558,-0.0821917808219178,-0.0005984119753846828,0.0034546149954965966,0.06618112729575665
2006-09-29,0.03000000000000025,0.0,-0.20599999999998886,-0.18999999999999995,-0.2599999999999998,-0.09999999999999964,-0.10000000000000853,-0.15000000000000036,-0.09222890999999978,-0.13000000000000078,-0.030551772038859393,-0.16414762741652023,-0.21,4.5,7.6,0.12,0.07,-0.0011171124270622501,-0.001910259066940645,0.042424242424242475,0.031352533722202036,0.0,0.0056034174590691155,-0.0064182169160590385,-0.027918027918027888
2006-10-31,-0.03000000000000025,0.0,-0.14400000000000546,-0.08000000000000007,-0.10999999999999988,0.0,0.10000000000000853,0.11000000000000032,0.006004879999999879,0.09000000000000075,0.020259163456587848,-0.06728343145500426,-0.32,4.4,5.6,0.06,-0.07,-0.0007817674459006385,-0.000961492914280937,-0.13313953488372088,-0.0064215859549900944,0.08955223880597019,0.004772357651324777,-0.0017262928634186325,0.001222120378857161
2006-11-30,0.0,0.0,-0.42199999999999704,-0.009999999999999787,-0.010000000000000231,0.3999999999999999,0.09999999999999432,0.020000000000000462,-0.012176670000000112,-0.2600000000000007,0.0041251968360318525,0.012623985572588037,-0.47,4.5,7.9,0.0,-0.07,-0.0022928053723363373,-0.0002865060685818266,0.052984574111334615,-0.012333234509338764,-0.09589041095890416,0.004165929594905471,0.0020608780270114924,0.1110772047604518
2006-12-29,-0.13999999999999968,-0.009999999999999787,-0.40200000000001523,0.0,0.08000000000000007,-0.10000000000000009,0.10000000000000853,-0.09000000000000075,-0.0777476199999998,0.040000000000000036,-0.03191234927083875,0.04229741763134465,-0.41,4.4,6.6,0.0,-0.03,-0.002189160930556877,0.01024552735756612,0.05031847133757972,0.02701566908807096,-0.015151515151515138,0.004729985642687895,0.01084297479766061,-0.02334523482559736
2007-01-31,0.16000000000000014,0.009999999999999787,-0.5109999999999957,0.009999999999999787,0.029999999999999805,-0.2999999999999998,0.0,0.13000000000000078,0.025938009999999956,0.07000000000000028,0.021649935891421945,-0.07518154634771468,-0.35,4.6,7.9,0.22,0.07,-0.002788844621513964,-0.0035470202432871245,-0.14554275318374776,-0.012334132226573868,0.10769230769230775,-0.00027176771750170303,0.0010157595709334721,-0.06383577052868405
2007-02-28,0.08000000000000007,0.009999999999999787,-0.24699999999998568,0.040000000000000036,0.0900000000000003,0.3999999999999999,-0.10000000000000853,0.04999999999999982,0.13907511999999977,-0.03000000000000025,0.062149071656468546,0.10069284064665118,-0.44,4.5,7.0,0.02,0.07,-0.0013518024945406992,0.009727628409406552,0.0503903477643719,0.016157670454545414,0.09722222222222232,0.0031481010549208044,0.002359550218380635,0.12015620306398311
2007-03-30,-0.11000000000000032,0.0,-0.27800000000002,0.020000000000000018,0.06999999999999984,0.2999999999999998,-0.09999999999999432,-0.08999999999999986,-0.26216450999999985,-0.05999999999999961,-0.04665366622157752,0.09525807805287445,-0.52,4.4,11.9,0.0,0.03,-0.0015235214169846412,0.001735375145814011,0.010135135135135087,-0.04257673714252441,0.0,0.0030945137941886802,0.008007244940585911,0.07857334406006977
2007-04-30,-0.009999999999999787,-0.009999999999999787,-0.06299999999998818,0.050000000000000266,0.03000000000000025,-0.10000000000000009,-0.29999999999999716,-0.07000000000000028,0.05250045000000014,0.0,0.016276309319403603,0.13831417624521092,-0.32,4.5,14.7,0.02,0.0,-0.00034578526186368475,0.006789736210175645,-0.0033444816053511683,0.010767733300888205,-0.06329113924050633,0.0013159041394334992,-0.0030824704533560787,-0.012431626056688239
2007-05-31,-0.009999999999999787,0.0,-0.2470000000000141,-0.050000000000000266,-0.0900000000000003,-0.19999999999999973,0.09999999999999432,-0.13999999999999968,-0.04564265000000001,0.2599999999999998,0.0018848337806631754,0.08010770784247723,-0.12,4.4,2.9,0.12,0.0,-0.0013561667151665846,0.0004183589697148715,-0.05033557046979864,0.0027685826060790397,0.054054054054053946,0.000469969800088732,0.014085447263017414,-0.03927492447129899
2007-06-29,0.02999999999999936,0.0,-0.3439999999999941,0.03000000000000025,0.0,-0.10000000000000009,0.0,-0.1200000000000001,0.21446553000000002,0.25,-0.01832400111630328,-0.07073854783421618,0.36,4.6,0.1,0.32,0.03,-0.0018913153438454566,0.00018006511863144503,0.023321554770318054,-0.028929836144289234,0.05128205128205132,-0.0006176329868209374,-0.009353624454671139,-0.030136268343815553
2007-07-31,-0.02999999999999936,0.009999999999999787,-0.546999999999997,-0.050000000000000266,-0.10000000000000009,-0.10000000000000009,0.0,0.20999999999999996,0.12726368999999993,0.020000000000000462,-0.01100848621217343,-0.03554661301140183,0.04,4.7,6.0,0.52,0.07,-0.0030131100583893344,-0.0015317536365621054,-0.06491712707182318,-0.0211385128870758,0.012195121951219745,0.0010445318756311384,0.0038238954197826747,-0.03620643069440699
2007-08-31,-0.3200000000000003,-0.2400000000000002,-0.7589999999999861,-0.1299999999999999,-0.23999999999999977,-0.2999999999999998,-0.20000000000000284,-0.6200000000000001,-0.23969264999999984,-0.2400000000000002,0.04744139394643643,-0.04415855354659237,0.35,4.6,10.8,0.42,0.1,-0.004193532346554729,0.0019203389413009475,-0.017725258493353047,0.03422365346972289,0.10843373493975883,0.0005043302841640784,0.005497349116271755,-0.09559854219231834
2007-09-28,-0.3799999999999999,-0.07999999999999918,-1.113000000000028,0.029999999999999805,0.020000000000000018,0.0,0.20000000000000284,-0.31000000000000005,-0.18765819000000028,-0.03000000000000025,0.0006267127553563068,0.02291742451800638,0.53,4.7,9.7,0.56,0.17,-0.006175305436266321,0.002482116761762132,-0.1105263157894737,0.009341229623297975,0.0,0.0018164120213450818,0.0038094497095781943,0.03409795412275263
2007-10-31,0.019999999999999574,-0.1800000000000006,-1.5919999999999561,0.07000000000000028,0.1299999999999999,-0.10000000000000009,-0.20000000000000284,0.009999999999999787,0.04289164000000012,-0.08999999999999986,-0.012132523136891837,0.021337126600284417,0.53,4.7,14.7,1.4,0.2,-0.00888784676280252,-0.0029949048359914077,0.06846999154691469,-0.004657633680135609,-0.07608695652173902,-0.0003036323099478988,0.006224623034682519,-0.029976019184652314
2007-11-30,0.0600000000000005,-0.2699999999999996,-2.368000000000052,0.04999999999999982,0.1299999999999999,-0.20000000000000018,0.20000000000000284,-0.6299999999999999,-0.16286710000000015,-0.23000000000000043,0.0005710049588827371,0.07834261838440115,0.8,4.7,14.2,2.54,0.23,-0.013338665795447846,0.005630961927298284,-0.053006329113924,-0.006137951990276447,0.10588235294117654,-0.0009805963414212249,0.010674606701626566,-0.08374536464771332
2007-12-31,-1.6,-0.25,-1.822999999999979,-0.06999999999999984,-0.09999999999999964,0.40000000000000036,0.0,-0.27,-0.43927830999999995,0.07000000000000028,-0.019257467778769355,-0.01420729738456572,1.03,5.0,2.9,8.84,0.4,-0.01040756789467967,0.0005244269461524009,-0.1336675020885547,-0.019811666870490297,0.02127659574468077,0.0034571718944087504,-0.014492881075709452,0.15379426644182126
2008-01-31,0.16000000000000014,-0.30000000000000027,-2.259999999999991,-0.040000000000000036,-0.10000000000000009,0.0,0.20000000000000284,-0.25,0.012521870000000046,-0.4900000000000002,0.012431264866903824,-0.024893547330494648,0.92,5.0,5.9,23.64,0.4,-0.013038110512409218,-0.001177386358746868,0.045323047251687454,-0.020274485339987547,-0.03124999999999989,0.00011253365189012321,0.0036378346703789255,0.018707980122770973
2008-02-29,-0.2100000000000004,-0.96,-1.8859999999999957,0.06000000000000005,0.009999999999999787,0.3999999999999999,-0.20000000000000284,-0.6299999999999999,-0.28836781999999994,0.5600000000000005,0.014041492262810706,0.05139402082633526,1.57,4.9,10.5,49.9,0.43,-0.0110242111785267,-0.003650871353044871,0.017527675276752808,-0.013626233683540323,0.04301075268817178,-0.0005020167223500627,-0.008381444643344005,0.10473457675753228
2008-03-31,-0.5,-0.3700000000000001,-1.2870000000000061,0.08999999999999986,0.1200000000000001,-0.20000000000000018,0.09999999999999432,-0.8600000000000001,-0.08590278000000007,-0.39000000000000057,-0.007893898499201635,0.051118210862619806,2.23,5.1,9.8,67.86,0.47,-0.007606742635585695,-0.00325842045218927,-0.08884859474161377,-0.024336711639016184,0.08247422680412386,-0.00019917558626914023,0.001820170719460501,-0.04597402597402589
2008-04-30,-0.13999999999999968,-0.33000000000000007,-0.5800000000000125,-0.10000000000000009,-0.029999999999999805,-0.5,-0.19999999999998863,0.030000000000000027,0.03767414000000002,0.1800000000000006,0.00028466063330578883,0.09513677811550147,2.37,5.0,3.3,80.86,0.5,-0.003454334296179473,-0.0068329135263295315,0.007960199004975133,-0.03367738520576946,-0.01904761904761898,-0.003863043836019764,-0.0010441745501845734,-0.15055812687176695
2008-05-30,-0.3900000000000001,-0.2999999999999998,-0.30299999999996885,0.10000000000000009,0.13999999999999968,4.4,0.19999999999998863,0.43999999999999995,0.3376220700000001,0.04999999999999982,-0.01190212430319837,0.09270052733832901,2.12,5.4,-4.2,87.34,0.73,-0.0018108471537425785,-0.006059017851470672,-0.03948667324777888,0.006299212598425141,0.03883495145631044,0.04871007851695963,0.009270016097096212,1.6487179487179486
2008-06-30,0.4900000000000002,0.020000000000000018,-0.4840000000000373,0.050000000000000266,0.16000000000000014,-2.2,0.0,0.13000000000000012,0.08703771999999987,0.3700000000000001,0.014580754719237587,0.040132080264160486,2.21,5.6,4.2,91.3,0.8,-0.0028978218438291403,-0.0026654815643351037,0.07502569373072965,-0.021773150983193768,0.0,-0.025338075931315318,0.0010770919700426873,-0.3172797676669893
2008-07-31,-0.38000000000000034,0.009999999999999787,-0.8249999999999886,-0.03000000000000025,-0.06000000000000005,-1.0999999999999996,0.0,-0.2300000000000002,-0.04197292000000008,0.0699999999999994,-0.013497996713411675,-0.03418803418803407,2.35,5.8,1.8,96.88,0.97,-0.004953824352399994,-0.004442993598364087,-0.11759082217973227,-0.09536064547541212,-0.01869158878504662,-0.015422830553027067,-0.00455202461640325,-0.21127259836937262
2008-08-29,-0.1499999999999999,-0.009999999999999787,-1.4350000000000023,-0.22999999999999998,-0.47,-0.5,0.0,0.09000000000000008,-0.08908375999999985,-0.11999999999999922,-0.03633747703704426,-0.06826801517067005,2.14,6.1,1.4,99.86,1.1,-0.008659549944784017,-0.015857752958618576,-0.08559046587215602,0.08557588805166838,0.07619047619047636,-0.005797477103853477,-0.008094521202835159,-0.14314606741573033
2008-09-30,0.08999999999999986,-0.18999999999999995,-2.3659999999999854,-0.3699999999999999,-0.6599999999999999,0.7999999999999998,-0.09999999999999432,-0.5900000000000001,-0.11692261000000004,-0.3100000000000005,0.019786328318730284,-0.014382632293080011,2.54,6.1,30.7,100.0,1.27,-0.014402415417767322,-0.04380202116004128,-0.028436018957345932,-0.082017140024081,-0.03539823008849563,0.002137847726146891,-0.017069556496879135,0.23970626803042228
2008-10-31,-1.8099999999999998,-0.8400000000000001,-2.7490000000000236,-0.78,-1.35,0.9000000000000004,0.0,-0.45999999999999985,0.2454885899999999,0.3700000000000001,0.0070790990790181585,-0.2687224669603524,3.12,6.5,-4.7,91.32,1.5,-0.01697835861455621,0.010010795327012989,-0.05243902439024395,-0.15646940822467403,0.06422018348623837,0.007388457702814044,-0.041155133503683605,0.218531838375291
2008-11-28,0.30000000000000004,-0.58,-3.0919999999999845,-0.42000000000000004,-1.38,1.0999999999999996,-0.09999999999999432,-0.48000000000000004,0.14656523,-0.4900000000000002,0.013609972866575504,-0.2876506024096386,3.34,6.8,-9.8,99.82,1.7,-0.01942662553482899,-0.012981556813227213,-0.16087516087516085,-0.03722674471782672,-0.01724137931034475,0.008358656072722681,-0.04287393196328182,0.20347222222222228
2008-12-31,-0.38,-0.23,-3.5260000000000105,-0.39,1.16,-0.09999999999999964,-0.10000000000000853,-0.16,-0.6562486899999999,-0.8700000000000001,-0.004286827360658219,-0.14746300211416485,2.39,7.3,13.0,100.0,2.07,-0.022592281717936147,-0.028314904539455288,-0.14110429447852757,-0.013585407562226925,-0.01754385964912286,-0.004985572572521302,-0.024249001101774748,-0.03534333525678013
2009-01-30,0.09,-0.010000000000000009,-3.1829999999999927,0.36,0.25,0.0,-0.09999999999999432,0.1,-0.03683881,0.0,-0.0011593064496514538,0.13949163050216984,2.39,7.8,8.6,100.0,2.37,-0.02086597397489265,-0.024792558591163805,-0.125,-0.05749783299624378,0.08928571428571419,0.005370901041577225,0.01580817957656655,0.011813967399431746
2009-02-27,-0.010000000000000009,0.07,-1.7439999999999998,0.5100000000000001,0.57,-0.6000000000000005,0.09999999999999432,0.16999999999999998,0.10076544999999992,-0.02999999999999936,-0.028524295350505935,0.03862894450489662,2.57,8.3,-1.3,99.96,2.77,-0.011676329990225054,-0.006108772124356898,0.18775510204081636,-0.05753116697322691,-0.1393442622950819,-0.010180918245434323,-0.0034887653052000367,-0.10449305350280824
2009-03-31,-0.06,-0.04000000000000001,-1.1030000000000086,-0.010000000000000009,0.010000000000000009,0.3000000000000007,-0.20000000000000284,-0.09,0.21143528000000011,-0.22000000000000064,0.013135875723336188,0.07176532215819797,2.6,8.7,6.4,99.96,3.13,-0.007471988510886263,-0.015502975824556176,-0.13230240549828176,0.05692291011601425,0.04761904761904767,-0.00045694776138716087,-0.01791144067654238,0.05528965175771572
2009-04-30,0.04000000000000001,-0.03,0.42799999999999727,0.25,0.16000000000000003,0.6999999999999993,0.10000000000000853,-0.04999999999999999,-0.5379221000000001,-0.0699999999999994,-0.0044472474924661665,0.0014662756598240456,2.77,9.0,4.6,97.9,3.53,0.002921202607241602,-0.007991498553412635,-0.05346534653465351,-0.03785391875256461,-0.027272727272727337,0.005761899011506699,0.004495381457406689,0.12402252111354395
2009-05-29,-0.010000000000000009,0.03,1.2270000000000039,0.20999999999999996,0.31000000000000005,1.3000000000000007,0.0,0.01999999999999999,0.30459123,0.1299999999999999,-0.013751703430898266,0.18838457784285034,3.11,9.4,14.4,91.08,3.73,0.008350176599089432,-0.009753078216959699,0.12970711297071125,0.0849770764473825,-0.130841121495327,0.01427934340748882,0.009832637408297984,0.20815361068596072
2009-06-30,0.03,0.03,1.6270000000000095,0.29000000000000004,0.47,-1.7000000000000002,0.0,0.0,0.3046946399999999,0.5099999999999998,-0.008542454096701624,0.08501026694045177,3.54,9.5,10.6,68.72,3.9,0.010980630357022347,-0.003046440561448982,0.08333333333333326,-0.0026533018867925806,-0.08602150537634412,-0.01824684823323508,0.019116293031052223,-0.2254980997351146
2009-07-31,-0.04000000000000001,-0.04999999999999999,0.9519999999999982,-0.1200000000000001,-0.25,-0.7000000000000002,-0.20000000000000284,0.0,-0.055202719999999816,-0.16999999999999993,-0.013578204877154554,-0.05261165783497346,3.38,9.5,-4.1,3.78,3.8,0.006355267461965131,0.01194434473768724,0.01538461538461533,0.13961966696226247,-0.07058823529411762,-0.004349361375948435,0.0020948542041043794,-0.1168773234200744
2009-08-31,-0.03,0.0,-0.08099999999998886,0.08000000000000007,0.0,-1.0,-0.09999999999999432,-0.009999999999999981,-0.10786245000000005,-0.11000000000000032,0.010829623497411012,0.04394726328405918,3.42,9.6,3.0,0.98,3.67,-0.0005373169971275571,0.011169788248911239,-0.013468013468013518,0.2756354833131591,-0.05063291139240511,-0.0018857478979965592,0.02054477843607372,-0.1825223101532244
2009-09-30,-0.07999999999999999,-0.010000000000000009,-1.0420000000000016,-0.06000000000000005,0.06000000000000005,1.0999999999999996,-0.30000000000001137,-0.05000000000000002,-0.20980273000000005,-0.09999999999999964,0.01128813899265424,-0.04362801377726744,3.28,9.8,2.9,0.6,3.57,-0.006915868001168168,0.008557413482541909,-0.0017064846416382506,-0.3537345804527585,0.040000000000000036,0.0029899641204305105,-0.025855680645129997,0.25108135942327503
2009-10-30,0.039999999999999994,-0.03,-1.0420000000000016,0.1499999999999999,0.15999999999999992,-0.39999999999999947,-0.09999999999999432,-0.04999999999999999,0.04790351999999998,-0.009999999999999787,0.022340805748202186,0.07002801120448177,3.32,10.0,5.4,0.44,3.57,-0.0069640303155869,0.0022905313643764025,-0.0871794871794872,0.10917671735710544,-0.05128205128205121,-0.0030242545212605387,0.010367634113203517,-0.0666776424102733
2009-11-30,0.020000000000000004,0.0,-0.646000000000015,0.2100000000000002,0.25,0.39999999999999947,0.0,-0.020000000000000004,0.06426887999999997,-0.25,-0.030038738150713007,-0.016828721017202675,3.35,9.9,5.2,0.14,3.47,-0.004347709040004366,0.0040226703270989095,0.101123595505618,0.04396747352496222,0.027027027027026973,0.002851422677910609,0.008288564345693361,0.09313811959781271
2009-12-31,-0.08,0.0,-1.274000000000001,0.10999999999999988,0.15999999999999992,0.0,-0.4000000000000057,0.0,-0.2133694799999999,0.35999999999999943,0.054075450628755295,-0.008368200836819994,3.54,9.9,3.6,0.12,3.07,-0.008611715718747082,0.0033073392461449025,-0.011904761904761862,0.022008876007608036,0.05263157894736836,0.005098954282257262,0.005667237303334183,0.0024205260609972967
2010-01-29,0.06999999999999999,-0.009999999999999995,-1.6610000000000014,0.1299999999999999,0.15000000000000013,0.3000000000000007,0.20000000000000284,0.009999999999999995,0.4498842999999999,-0.15999999999999925,0.0049431566630826484,0.03759110088224005,3.67,9.8,-2.6,0.08,2.57,-0.011325205912834813,0.010700671299129327,0.05679862306368322,-0.03465083303792982,0.012499999999999956,0.0012553740326741725,-0.00021724116687693584,0.05119124275595621
2010-02-26,0.010000000000000009,0.020000000000000004,-1.9489999999999839,-0.08999999999999986,-0.1200000000000001,-0.3000000000000007,0.10000000000000853,0.05,-0.17340944999999985,0.0699999999999994,0.01483224604830724,-0.01848428835489846,3.58,9.8,3.9,0.06,2.03,-0.01344110121859532,0.003431956775956424,-0.016286644951140072,-0.05306159919214182,0.024691358024691468,0.0009446438692612968,0.00028863679113722007,-0.0419601837672281
2010-03-31,-0.04000000000000001,0.03,0.5430000000000064,-0.04999999999999982,-0.06999999999999984,0.0,0.0,0.039999999999999994,-0.12578388000000007,-0.05999999999999961,-0.033827879948332806,0.05386064030131843,3.58,9.9,-1.3,0.0,1.53,0.003795769429725926,0.007203577318620091,0.052980132450331174,0.14125060591371796,-0.14457831325301218,0.003989498610110109,0.023784589946017842,-0.002237851662404089
2010-04-30,0.11000000000000001,0.04000000000000001,1.8059999999999832,0.1299999999999999,0.08999999999999986,0.6000000000000005,0.29999999999999716,0.010000000000000009,0.3103737699999999,0.0699999999999994,-0.030785925688937343,0.018227305218012857,3.69,9.9,-0.9,0.0,1.2,0.01257686441917305,0.0035188963179164645,0.08018867924528306,-0.02701325178389391,-0.12676056338028163,0.008348928824740698,0.009104699291575313,0.1246395386094199
2010-05-28,-0.010000000000000009,0.0,1.6359999999999957,-0.2400000000000002,-0.18999999999999995,0.5,-0.29999999999999716,0.0,-0.08271743999999992,-0.27999999999999936,0.04197197177516565,-0.02211302211302213,3.26,9.6,-3.2,0.0,0.8,0.011251487245792724,0.013739911186381404,-0.15138282387190682,0.0502881089575693,0.5,0.007466228241156614,-0.010324937391337108,0.08561253561253568
2010-06-30,-0.1,-0.020000000000000018,0.6650000000000205,-0.16999999999999993,-0.1100000000000001,-0.20000000000000018,-0.30000000000001137,-0.04000000000000001,-0.2070268799999999,-0.08999999999999986,0.019886905329392635,-0.010409188801148606,3.08,9.4,1.8,0.5,0.43,0.004522609647780618,0.002155896272709512,-0.0806174957118353,-0.03591022443890268,-0.10752688172043012,0.0005972459391483387,-0.0017440606806276016,-0.02637449153654381
2010-07-30,0.09,0.0,-0.14000000000001478,-0.16999999999999993,-0.24,-0.09999999999999964,0.0,0.04000000000000001,-0.17260191000000014,-0.15000000000000036,-0.008597143633352178,-0.0029017047515415006,2.85,9.4,4.9,0.28,0.13,-0.0009478416292044711,0.0038357034897829045,0.018656716417910557,0.03017761683048792,0.07228915662650603,0.0013282891971415633,0.002487246113479502,-0.014420485175202225
2010-08-31,0.03,0.010000000000000009,-1.1359999999999957,-0.09000000000000008,-0.07999999999999985,0.09999999999999964,0.10000000000000853,0.0,-0.19059517999999998,-0.17999999999999972,0.0027785962637751904,-0.02437249909057848,2.54,9.5,7.0,0.16,0.0,-0.0076983546122360025,0.003660617307771563,0.09706959706959717,0.005523937060595729,-0.011235955056179692,0.003265943513450109,0.0050128489903007445,0.022836045398605398
2010-09-30,-0.06,0.0,-1.8179999999999836,0.06000000000000005,-0.06000000000000005,0.0,-0.10000000000000853,-0.010000000000000009,-0.07909613999999998,-0.040000000000000036,0.0003790516656234644,0.004474272930648837,2.5,9.5,3.7,0.22,0.03,-0.0124156582074465,0.0028782837004899253,-0.008347245409014992,-0.007657732645247162,-0.13636363636363646,-2.51052327674417e-05,0.008642025910313267,-0.00788770053475929
2010-10-29,0.05000000000000002,0.0,-1.4780000000000086,0.2699999999999998,0.21999999999999997,-0.20000000000000018,-0.19999999999998863,-0.01999999999999999,-0.16826249999999998,-0.08999999999999986,-0.033007100364613295,0.04565701559020052,2.41,9.4,6.7,0.12,0.07,-0.010220593319964055,-0.0027214063866356497,-0.08585858585858586,0.0412682435832914,0.07894736842105265,8.368621018628453e-05,0.01302233114106377,-0.032340654898261656
2010-11-30,0.0,0.0,-1.309000000000026,0.08000000000000007,0.06000000000000005,-0.20000000000000018,0.19999999999998863,0.010000000000000009,-0.06991569000000003,0.16999999999999993,0.012173414712183916,0.013844515441959526,2.62,9.8,7.1,0.14,0.13,-0.009145404242238087,0.0007947846576323858,0.0036832412523020164,-0.009183180280328607,0.0,0.0008451599946446287,0.010065478063922884,-0.020052917420971927
2010-12-31,-0.07,-0.010000000000000009,-1.190999999999974,0.16000000000000014,0.15999999999999992,0.40000000000000036,-0.29999999999999716,0.0,0.28731971000000006,0.45999999999999996,0.05299664788374536,0.06862745098039214,3.15,9.3,-2.4,0.06,0.1,-0.008397791613489858,0.009795278887062997,-0.011009174311926606,0.02479674796747955,-0.14634146341463405,0.005819154717612074,0.007160750290218232,0.0794372601961062
2011-01-31,0.04000000000000001,-0.009999999999999981,-1.5910000000000082,0.08000000000000007,0.20999999999999996,0.40000000000000036,-0.09999999999999432,0.009999999999999981,0.23776788999999998,-0.0600000000000005,-0.02072111612070915,0.016055045871559592,3.24,9.1,3.7,0.06,-0.13,-0.011313214631094026,-0.002037717542642925,0.16883116883116878,0.015946053153510498,0.04285714285714293,0.004513678190538606,0.0072736317200714495,0.06279620853080559
2011-02-28,-0.010000000000000009,-0.010000000000000009,-1.3050000000000068,0.009999999999999787,0.07999999999999985,0.2999999999999998,-0.10000000000000853,-0.01999999999999999,-0.03428998000000005,0.15000000000000036,-0.0175818803027451,0.09093840696549504,3.45,9.0,6.4,0.28,-0.3,-0.009385720758625204,-0.00429790222968407,-0.1793650793650794,0.02147430891769475,0.1095890410958904,0.0026976928933171163,0.007639679356303608,0.04855691812213547
2011-03-31,-0.06,-0.01999999999999999,0.05299999999999727,0.11000000000000032,0.1900000000000004,-0.6000000000000005,0.10000000000000853,-0.03,0.04416370000000003,-0.08999999999999986,-0.0027816452883846488,0.06296186816435112,3.31,9.0,7.9,0.1,-0.2,0.000384794098855723,0.010635209101760301,0.16054158607350089,0.01360752236067575,-0.11111111111111105,-0.002781216472724335,0.009682654003508429,-0.07796810395747189
2011-04-29,-0.010000000000000009,-0.04000000000000001,1.3700000000000045,0.1499999999999999,0.10999999999999988,0.0,0.0,-0.04000000000000001,0.10365195000000005,-0.08000000000000007,-0.004128160112011892,0.07869855394883207,3.4,9.1,11.5,0.32,0.0,0.009942738535006379,-0.003505990508820833,-0.07666666666666666,0.005053171430726255,-0.06944444444444442,-0.001820694677778456,0.005363184050151126,-0.008968609865470878
2011-05-31,0.010000000000000009,-0.010000000000000009,1.5339999999999918,-0.20999999999999996,-0.1299999999999999,-0.09999999999999964,-0.10000000000000853,-0.019999999999999997,-0.26602799,-0.1800000000000006,-0.005291710250525994,-0.021912864140242294,3.13,9.0,12.7,0.22,0.07,0.011023361766037354,0.0013347214436347787,0.012635379061371799,-0.07849317124418442,-0.014925373134328401,-0.0015006674239094187,-0.0017104786690650409,-0.0009049773755657187
2011-06-30,-0.03,0.0,1.2510000000000048,-0.1499999999999999,-0.2200000000000002,0.20000000000000018,-0.09999999999999432,0.0,-0.21920785000000004,-0.08999999999999986,0.011422408191906985,-0.05798629414865586,2.96,9.1,4.3,0.02,0.2,0.008891700368888422,0.002870624616779116,0.08377896613190727,-0.032084690553745965,0.0,0.0037116381028297063,0.00740511368663177,0.029632505175983592
2011-07-29,0.039999999999999994,-0.01999999999999999,0.39800000000002456,0.13999999999999968,0.06999999999999984,0.20000000000000018,0.0,0.0,0.08168535999999998,0.040000000000000036,0.01697025880855363,0.03497481813094572,2.96,9.0,12.5,0.06,0.23,0.002803922673730641,0.004746578029851012,0.024671052631578982,0.07016658253407382,0.015151515151515138,0.0033670033670034627,-0.0006879370962028508,0.02991077039085077
2011-08-31,-0.03,0.03,-0.5570000000000164,-0.21999999999999975,-0.2599999999999998,0.0,0.09999999999999432,-0.02,-0.17897744,-0.33000000000000007,-0.0010495626822157877,-0.019464720194647178,2.28,9.0,10.7,0.06,0.23,-0.003913110677101761,0.006389884552417069,-0.0609951845906902,-0.009119496855346076,-0.02985074626865669,-0.0006595979750342318,0.0017517854736557315,-0.00036607687614398365
2011-09-30,-0.020000000000000004,-0.020000000000000004,-1.6160000000000139,-0.26000000000000023,-0.1499999999999999,-0.40000000000000036,0.10000000000000853,-0.01,-0.18003603,-0.20999999999999996,-0.017518873064051643,-0.032533774469258314,1.97,9.0,3.9,0.08,0.2,-0.011397538526642603,-0.0007234725842799605,0.11111111111111116,0.059663598857505606,-0.03076923076923077,-0.001369569163242823,0.010471862535237575,-0.0445556640625
2011-10-31,0.03,-0.009999999999999995,-1.7579999999999814,0.06000000000000005,0.06999999999999984,0.0,-0.10000000000000853,0.01,-0.11637639,0.08999999999999986,-0.012887261464365252,-0.016243944143630618,2.13,8.8,-0.1,0.0,0.17,-0.012542002867966362,0.0069905638437472994,-0.06153846153846154,0.028002395926924217,-0.04761904761904756,0.0010740251156642344,0.006184433286547275,-0.010732081257186832
2011-11-30,0.010000000000000009,0.009999999999999995,-1.7439999999999998,0.04999999999999982,0.07000000000000006,0.09999999999999964,0.0,-0.01,0.03850703999999999,-0.11999999999999966,-0.007579519248227307,-0.04200463499420626,2.0,8.6,3.2,0.08,0.0,-0.012600154611988934,-1.1495165760377901e-05,0.16557377049180322,0.0009468317552803196,-0.04999999999999993,-0.00036312618634970484,0.0035894869449668576,0.024021697016660237
2011-12-30,-0.060000000000000005,-0.009999999999999995,-1.4980000000000189,0.0,-0.09000000000000008,0.9000000000000004,-0.09999999999999432,0.0,0.007398779999999994,-0.029999999999999805,-0.012637705300801216,-0.014817054732385815,1.97,8.5,4.0,0.0,-0.17,-0.010960948875734622,0.005251261086431036,-0.023909985935302358,0.004002037400858693,-0.07017543859649134,0.009469478064164427,0.0021236351130600184,0.1441543700340524
2012-01-31,0.07,0.009999999999999995,-1.0009999999999764,0.07000000000000028,0.09000000000000008,0.2999999999999998,-0.29999999999999716,0.019999999999999997,0.0016322000000000003,0.029999999999999805,-0.02718772201736619,0.05555555555555558,1.94,8.3,7.3,0.0,-0.2,-0.007405544170630662,0.0060835521624054145,0.0417867435158501,0.04326714016524136,0.0,0.006853516311859709,0.008244893056616132,0.05048500881834217
2012-02-29,-0.009999999999999995,0.020000000000000004,-0.17199999999999704,0.14000000000000012,0.17999999999999994,0.0,0.09999999999999432,0.06,-0.12424948,-0.029999999999999805,0.007202087805699309,0.08200058156440826,1.88,8.3,3.2,0.02,-0.13,-0.0012819748375171303,0.003274470701288612,-0.026279391424619658,0.04029176797499123,-0.09433962264150941,0.005986467496811754,0.013192305292238915,0.0064008394543546565
2012-03-30,-0.010000000000000009,0.03,1.867999999999995,0.08999999999999986,0.10999999999999988,0.39999999999999947,0.0,-0.009999999999999995,0.14738588,0.040000000000000036,-0.013969976721929567,0.052942757323300116,2.09,8.2,5.8,0.34,-0.1,0.01394071464819846,-0.0051907444083633125,-0.01278409090909094,-0.025442404006677855,0.02083333333333348,0.00373845358826963,0.0039445136546241155,0.05776248566364295
2012-04-30,0.07,0.010000000000000009,2.6069999999999993,-0.050000000000000266,-0.09999999999999987,0.3000000000000007,-0.09999999999999432,0.0,0.02540882,-0.11000000000000032,0.03573286654453023,-0.022460438999489574,1.97,8.2,5.2,0.08,-0.07,0.019188305953011797,0.007270795998422397,0.08345323741007205,0.011991229272303672,0.0,0.004456564583986911,-0.005649528462357889,0.04731394775751596
2012-05-31,0.0,0.01999999999999999,2.576999999999998,-0.11999999999999966,-0.07000000000000006,0.09999999999999964,0.0,0.009999999999999995,-0.28186771,-0.1299999999999999,0.043201060691004045,-0.04177545691906004,1.71,8.2,3.5,0.1,-0.03,0.018610394956344534,0.0019641458586430183,-0.05976095617529875,-0.01848466382287217,-0.04081632653061229,0.0002963200256276277,-0.002229463694796263,0.004141176470588315
2012-06-29,-0.07,0.0,2.1219999999999857,-0.020000000000000018,-0.11999999999999988,0.0,0.09999999999999432,0.0,0.039070930000000004,-0.08999999999999986,-0.021534680652424587,-0.06348773841961852,1.53,8.2,9.5,0.16,0.0,0.01504452385003674,0.00010873434251124081,0.06920903954802249,-0.002000551876379708,0.02127659574468077,-0.0006084770460040856,-0.01041335832914081,0.007498359733808302
2012-07-31,0.04000000000000001,0.0,1.1140000000000043,0.009999999999999787,0.010000000000000009,-0.7999999999999998,-0.09999999999999432,0.010000000000000009,-0.006674979999999997,-0.16999999999999993,0.017945467028148476,0.020657550189118412,1.43,8.2,9.1,0.18,0.07,0.007780959698260759,0.0020134180001414315,-0.022457067371202122,-0.006013686320591627,-0.04166666666666674,-0.006897601461234082,0.004643725432278201,-0.09963717555121421
2012-08-31,0.0,-0.03,0.4230000000000018,0.14000000000000012,0.1299999999999999,-0.20000000000000018,-0.20000000000000284,0.0,-0.0052587499999999995,0.09999999999999964,-0.011318859843449935,0.07639680729760534,1.58,8.1,9.5,0.14,0.03,0.002931718000609873,-0.0039522090811753285,0.018918918918918948,0.004450625869262925,0.0,-0.0025894405679022237,0.013369218286625406,-0.033891299855342005
2012-09-28,-0.04000000000000001,0.010000000000000009,-0.34799999999998477,0.16000000000000014,0.2400000000000002,0.5,0.10000000000000142,0.009999999999999995,-0.10917236,-0.18999999999999995,-0.01706411566353383,0.013241525423728806,1.61,7.8,6.9,0.02,-0.1,-0.002404859474662513,-0.0006967702949763899,0.12334217506631306,0.045347549155358546,-0.021739130434782483,0.007189997088415057,0.00757144610714966,0.07946524064171112
2012-10-31,0.09,0.01999999999999999,-0.3900000000000148,0.06999999999999984,0.040000000000000036,0.5999999999999996,0.19999999999999574,-0.009999999999999995,0.0760849,0.010000000000000231,0.018385664308387284,-0.06743335075797174,1.65,7.8,9.3,0.06,-0.13,-0.0027015980991833555,0.003128396938243627,0.08028335301062572,-0.017815749387376623,0.08888888888888902,0.006817470068174902,0.0015173078307482157,0.08600019815713855
2012-11-30,-0.01999999999999999,0.0,-0.007999999999981355,-0.08000000000000007,-0.13000000000000034,0.8000000000000007,-0.19999999999999574,-0.010000000000000009,0.08743519000000001,-0.0900000000000003,-0.010072963072766172,-0.03671524663677139,1.56,7.7,7.2,0.0,-0.13,-5.55675180071713e-05,0.004013635082143585,-0.08961748633879785,0.042211732973701954,-0.061224489795918546,0.01313585682155316,0.0028530828223403137,0.10792810874920189
2012-12-31,-0.07,0.0,-0.09300000000001774,0.06000000000000005,0.050000000000000266,2.0999999999999996,0.10000000000000142,-0.01999999999999999,-0.1666404,0.03000000000000025,-0.0280742200572639,-0.04044224614489378,1.65,7.9,18.0,0.12,0.0,-0.0006460082939130363,0.0026997774011070508,0.17166866746698672,0.00038819875776407997,-0.021739130434782483,0.024301537444205712,0.00406344935574765,0.25444664031620556
2013-01-31,0.06,-0.01999999999999999,0.4440000000000168,0.040000000000000036,0.10000000000000009,-5.699999999999999,0.0,0.0,0.25677887,0.17999999999999972,0.014204234075685607,0.017889630078835816,1.84,8.0,1.0,0.08,0.0,0.003086162315455887,4.5825593899539996e-05,-0.0901639344262295,0.022700814901047695,-0.11111111111111116,-0.05784838144424975,0.007270331118554685,-0.523828278849941
2013-02-28,-0.009999999999999981,0.009999999999999981,0.8489999999999895,0.029999999999999805,0.040000000000000036,-0.3000000000000007,-0.30000000000000426,0.03,0.08769875999999999,-0.020000000000000018,0.00603460492657848,0.12719690199582945,1.88,7.7,1.2,0.06,-0.03,0.005883086645601221,0.004790082573936205,0.08333333333333326,0.0030354771390628255,0.02499999999999991,-0.002773495174934082,0.01450930579936105,-0.037358698649021305
2013-03-28,-0.010000000000000009,-0.009999999999999981,2.7990000000000066,0.0,0.009999999999999787,0.3000000000000007,-0.10000000000000142,-0.010000000000000009,-0.12175945999999999,0.06000000000000005,0.040859903401225584,-0.027484143763213398,1.87,7.5,8.4,0.12,-0.07,0.019282038564077064,0.004109521015310147,0.0498960498960499,-0.008826681798121183,0.024390243902439046,0.0030429696766436365,-0.008436528556574396,0.04410711728483463
2013-04-30,0.010000000000000009,0.009999999999999981,3.0079999999999814,-0.13999999999999968,-0.16000000000000014,0.2999999999999998,0.10000000000000142,-0.03,-0.0745526,-0.16999999999999993,-0.00347197543329103,-0.0434782608695653,1.7,7.6,4.1,0.06,-0.13,0.020329818869964766,-0.0011405063444450692,-0.1732673267326733,0.005724826664970317,0.04761904761904767,0.0030092724737198484,-0.0052242102040097604,0.04965025373748455
2013-05-31,-0.05000000000000002,-0.039999999999999994,2.8910000000000196,-0.1200000000000001,-0.10999999999999988,0.20000000000000018,0.0,-0.019999999999999997,0.004820650000000003,0.41000000000000014,-0.02135679496636589,0.035511363636363535,1.89,7.5,3.3,0.04,-0.03,0.01914975359016502,0.000918499117877225,0.11377245508982026,0.004617038770476256,0.04545454545454519,0.004845922432718197,0.006518251376241846,0.04586436691493545
2013-06-28,-0.01999999999999999,-0.020000000000000004,2.5689999999999884,-0.2400000000000002,-0.18999999999999995,0.09999999999999964,0.0,0.010000000000000002,0.24708498,0.6499999999999999,-0.01090094803006214,-0.01865569272976686,2.25,7.5,5.1,0.16,0.0,0.016697105791666278,0.0018746838931642529,-0.09784946236559144,0.016683455049105955,-0.10869565217391308,0.00025083747350018726,0.0032907911971336024,0.014117941029485381
2013-07-31,0.01999999999999999,0.0,1.86099999999999,0.07000000000000028,0.06000000000000005,-0.20000000000000018,-0.10000000000000142,-0.010000000000000002,0.31868728999999996,-0.15000000000000036,-0.0009508073282818996,0.019289907743919477,2.54,7.3,6.7,0.14,-0.03,0.011896847111770192,-0.0031901687182092076,0.04886769964243154,-0.007926187380023486,0.3414634146341464,-0.0008979347500748247,0.006616639513179257,-0.03104595293827772
2013-08-30,-0.01999999999999999,-0.009999999999999995,1.1080000000000325,0.06999999999999984,0.0,0.10000000000000053,0.0,0.0,-0.07131234999999997,0.20000000000000018,-0.0024520228936294464,-0.02578167855183755,2.7,7.2,5.2,0.0,-0.1,0.0069998546961571595,0.005863990991227697,0.0420454545454545,-0.012109106797328573,0.0,0.0023480640616651005,-0.002618004474992275,0.020089001907183768
2013-09-30,-0.010000000000000009,0.0,0.2779999999999916,-0.040000000000000036,-0.08000000000000007,0.09999999999999964,-0.09999999999999432,-0.02,0.06576582000000003,-0.1899999999999995,0.012698406267977136,-0.03575450450450457,2.79,7.2,8.1,0.02,-0.13,0.0017440729750246575,0.005358476231057674,-0.0730643402399127,0.00189549504012132,-0.018181818181818077,0.004192381013926161,0.00032777371792125365,0.020815156425277426
2013-10-31,0.010000000000000009,0.009999999999999995,-0.117999999999995,0.040000000000000036,0.010000000000000009,-0.5,-0.4000000000000057,0.030000000000000002,-0.047865090000000055,-0.22000000000000064,0.014938404209995815,-0.03824817518248169,2.57,7.2,11.1,0.1,-0.03,-0.0007390010959761328,-0.0011875356735516762,0.08823529411764697,-0.008198272056504918,-0.09259259259259256,-0.0029280456903832963,0.002538071065989911,-0.0815628815628815
2013-11-29,0.0,-0.009999999999999995,-0.19400000000001683,-0.020000000000000018,-0.030000000000000027,-0.20000000000000018,0.20000000000000284,0.020000000000000004,-0.0033316800000000035,0.1900000000000004,0.011617560548774497,-0.00030358227079529954,2.65,6.9,4.7,0.0,-0.1,-0.0012158664301786803,0.002459960588589105,0.18918918918918926,0.022381891015451183,0.020408163265306145,0.002509055997934606,0.001114459848637006,-0.01861207125764419
2013-12-31,0.0,0.009999999999999995,-0.08299999999999841,-0.009999999999999787,-0.08000000000000007,0.20000000000000018,-0.10000000000000142,0.0,-0.07133781,0.1900000000000004,0.025441418695872686,0.01153962951715748,2.83,6.7,9.7,0.12,-0.17,-0.000520823528673553,0.0021124911521961387,-0.08909090909090911,-0.015175073076683865,0.040000000000000036,0.00213259081617867,0.007688170172682751,0.03413709021945266
2014-01-31,0.0,-0.01999999999999999,0.08899999999999864,0.06999999999999984,0.07000000000000006,0.7000000000000002,0.0,-0.030000000000000006,0.26233678000000005,-0.16000000000000014,0.008753248628357024,-0.010807565295707033,2.82,6.6,7.5,0.2,-0.2,0.0005587644399798197,-0.0037727503220337244,-0.11377245508982037,-0.013956425639406356,-0.019230769230769384,0.004866414512515238,-0.0091910007329431,0.12234739324076505
2014-02-28,-0.010000000000000009,0.0,0.5030000000000143,-0.06999999999999984,0.040000000000000036,-0.10000000000000053,0.0,0.010000000000000002,-0.17195939999999998,0.04999999999999982,-0.008983329990480016,0.04522003034901356,2.66,6.7,7.5,0.0,-0.1,0.0031561972529163818,0.007593075930759419,0.06306306306306309,0.02427308825413088,0.03921568627450989,0.005290371045207909,0.014001495565567623,-0.0014005602240895199
2014-03-31,0.0,0.009999999999999995,1.3169999999999789,0.0,0.0,0.10000000000000053,0.20000000000000284,0.0,0.07177586999999996,0.03000000000000025,-0.004163709216886247,0.03919860627177707,2.67,6.7,6.5,0.0,0.0,0.008237840272217634,0.01010735592005818,0.02754237288135597,0.062027136872381705,0.05660377358490565,0.005493064112246149,0.010242462208618575,0.015544647031322967
2014-04-30,0.03,0.009999999999999995,1.781000000000006,0.009999999999999787,0.030000000000000027,0.20000000000000018,-0.30000000000000426,-0.020000000000000004,0.12176891999999995,-0.07000000000000028,-0.028091351039316148,0.037440625873149,2.68,6.2,10.5,0.12,-0.1,0.011049141070420543,0.0006465133964845826,0.07525773195876284,-0.017073888725345876,0.017857142857143016,0.00398463071011812,0.011007268407805304,0.037518701806882326
2014-05-30,-0.009999999999999995,0.0,1.7150000000000034,0.020000000000000018,0.11999999999999988,0.1999999999999993,0.10000000000000142,0.0,-0.07536794999999996,-0.20999999999999996,-0.0021500013744299995,-0.010503635873956418,2.53,6.3,6.8,0.02,-0.13,0.010523409216420143,0.004093575864692944,-0.034515819750719046,0.026474992512728335,-0.08771929824561409,0.0036223324671234014,0.0007970828836803001,0.03161397670549082
2014-06-30,0.009999999999999995,0.010000000000000009,1.5300000000000011,0.040000000000000036,0.040000000000000036,0.0,-0.10000000000000142,0.010000000000000002,-0.0023247100000000076,0.019999999999999574,-0.016999962613659436,0.00816548720740351,2.56,6.1,3.2,0.04,-0.2,0.009290463612350752,0.0033170544712759487,-0.09533267130089373,0.022115889595611726,0.09615384615384626,0.004095723813260177,0.002640173563613679,0.010752688172043001
2014-07-31,-0.009999999999999995,-0.010000000000000009,0.9240000000000066,0.029999999999999805,0.0,0.10000000000000053,0.10000000000000142,-0.010000000000000002,-0.03353448999999997,-0.019999999999999574,-0.022059081105155864,-0.044546436285097246,2.51,6.2,5.9,0.02,-0.03,0.005559065066329749,0.0021218613119475815,0.19099890230515926,-0.01364466773235884,0.08771929824561409,0.002961585346794582,0.0006189746684617248,0.014468085106382977
2014-08-29,-0.009999999999999995,0.0,0.3149999999999977,-0.05999999999999961,-0.1299999999999999,-0.20000000000000018,0.0,0.0,0.058410749999999956,-0.020000000000000462,0.00845465384635058,-0.024018084204577517,2.39,6.1,0.7,0.16,-0.07,0.0018846588767433836,-0.0015571460945394966,-0.09308755760368659,-0.0021994559240609,-0.12903225806451613,0.004768174770745759,0.00836645376799705,-0.023070469798657678
2014-09-30,0.0,0.0,-0.20999999999997954,-0.13000000000000034,-0.17000000000000015,0.20000000000000018,-0.10000000000000142,-0.009999999999999998,-0.06854576999999995,0.10000000000000053,0.021533334145222627,-0.02895193977996524,2.51,5.9,12.0,0.04,-0.07,-0.0012540757461749763,0.0031308386634221197,0.03963414634146334,-0.016242241429317295,0.0,0.0032955188697534332,-0.004396458294992134,0.03799914126234438
2014-10-31,0.0,0.0,-0.3310000000000457,-0.1499999999999999,-0.17999999999999994,-0.10000000000000053,0.10000000000000142,0.0,0.12010476999999997,-0.2200000000000002,0.006362175061148001,-0.08884913536076333,2.28,5.7,-4.5,0.04,-0.13,-0.0019791442443378715,0.0001126458569631339,0.04985337243401755,-0.011970045403620455,-0.0185185185185186,0.004366710977834032,0.002344006736772819,-0.020992761116856218
2014-11-28,0.009999999999999995,0.0,-0.2529999999999859,-0.040000000000000036,-0.010000000000000009,0.20000000000000018,0.0,0.0,0.012335560000000023,-0.009999999999999787,0.03019710201011283,-0.07689790575916222,2.31,5.8,10.9,0.02,-0.1,-0.0015157597071527862,0.0063210511393427815,-0.06797020484171323,0.011518262115063349,0.07547169811320753,0.005194185590174927,0.0023846297676586303,0.035597338121897026
2014-12-31,-0.020000000000000004,0.03,-0.19799999999997908,-0.17999999999999994,-0.20999999999999996,0.40000000000000036,-0.10000000000000142,0.009999999999999998,-0.32857489,-0.10000000000000009,-0.02845241369265228,-0.1850407656859271,2.18,5.6,10.1,0.14,-0.1,-0.0011880475219007147,-5.4997964110348185e-05,0.07192807192807193,0.013511121600094267,-0.10526315789473695,0.0067137214073553775,-0.008483498063105,0.05966952264381886
2015-01-30,0.0,-0.009999999999999995,-0.21000000000000796,-0.08999999999999986,-0.07000000000000006,0.2999999999999998,0.10000000000000142,0.0,0.32521743,-0.20999999999999996,0.009383799778079016,-0.11091779034362759,1.85,5.7,5.7,1.38,0.0,-0.0012615491823960712,-0.00782171960109812,0.011183597390493905,-0.01548492257538725,-0.05882352941176472,0.005642371012509084,-0.007058768954817718,0.03830975069785336
2015-02-27,0.0,0.0,0.3809999999999718,0.10999999999999988,0.16000000000000014,0.09999999999999964,-0.19999999999999574,-0.009999999999999998,-0.17156242,0.13999999999999968,0.05149068438296678,0.14090019569471623,1.96,5.5,10.5,1.76,-0.1,0.0022917017539636486,-0.006541280772271674,-0.1834101382488479,-0.001005203405865629,-0.0625,0.0035615174635339475,-0.0015676544100662326,0.022897932696764656
2015-03-31,0.0,0.0,1.457000000000022,0.040000000000000036,0.11999999999999988,-0.39999999999999947,-0.10000000000000142,0.009999999999999998,0.21332503999999997,-0.10999999999999988,-0.02908973648897306,0.0497427101200687,2.01,5.4,4.0,1.36,-0.03,0.00874376624078077,-0.003204070824355698,0.08352144469525968,0.059129920094702415,0.1333333333333333,-0.0028707485043474312,0.016026099276031047,-0.05519303969548672
2015-04-30,0.020000000000000004,0.009999999999999995,1.8799999999999955,0.10000000000000009,0.13000000000000012,-0.10000000000000053,0.19999999999999574,-0.009999999999999998,-0.34138289999999993,-0.009999999999999787,-0.028108282979878108,0.04983660130718959,1.92,5.4,-0.3,0.98,-0.1,0.011184484502349878,-0.005696103079824044,0.23958333333333326,-0.011456354085168097,-0.039215686274509665,0.0021989315157513456,0.0007163873608801996,-0.0030695443645084586
2015-05-29,0.0,0.0,1.8799999999999955,0.010000000000000009,0.029999999999999805,-0.09999999999999964,0.10000000000000142,0.0,0.12359891999999995,0.18999999999999995,-0.011988213674422377,0.07937743190661495,2.18,5.6,3.6,0.96,0.0,0.011060775430958403,-0.004553356248271467,-0.09327731092436975,0.014472270902820883,0.020408163265306145,0.0016512350333264258,0.008273464065655878,-0.012797074954296161
2015-06-30,0.0,0.010000000000000009,1.600999999999999,-0.010000000000000009,-0.010000000000000009,-0.09999999999999964,-0.19999999999999574,0.0,0.019856360000000017,0.14999999999999947,0.00824527705705802,0.009733237202595557,2.34,5.3,4.9,0.7,-0.07,0.009316264183881318,-0.003025311808539155,0.1167747914735866,-0.003566453050989127,0.08000000000000007,0.0006021965117766204,0.0009559647636967483,-0.008089668615984369
2015-07-31,0.0,0.0,1.0460000000000207,-0.040000000000000036,-0.1399999999999999,-0.10000000000000053,-0.10000000000000142,0.009999999999999998,0.11329710000000004,-0.03999999999999959,-0.00647347092919226,-0.019992859692966825,2.29,5.2,4.1,0.38,-0.03,0.006030521588229698,0.006241161009215013,-0.0489626556016598,0.023712320340025794,-0.03703703703703709,0.0023621988008455386,0.008321870178825241,-0.015132160754642965
2015-08-31,0.0,0.010000000000000009,0.4420000000000073,-0.20999999999999996,-0.26,0.0,0.0,0.04000000000000001,-0.11876934000000006,-0.14000000000000012,0.0032379237087858392,-0.08561020036429878,2.1,5.1,6.1,0.48,-0.13,0.002532994836587532,-0.001592400786507575,-0.013961605584642212,0.005572248019666715,-0.03846153846153855,0.0023116007835426444,-0.0006180469715698633,0.00039908211114436654
2015-09-30,-0.009999999999999995,0.0,0.1069999999999709,-0.09000000000000008,-0.07000000000000006,0.10000000000000053,-0.20000000000000284,-0.05,-0.03584564999999995,0.020000000000000018,0.009724077804524667,-0.07490039840637441,2.15,5.0,2.9,0.72,-0.07,0.0006116417722747958,-0.0029075469417757516,0.08318584070796464,-0.007279839191611903,0.18000000000000016,0.0027780065743658877,-0.005382345103599473,0.022040490675176994
2015-10-30,0.0,-0.020000000000000018,0.006000000000028649,-0.020000000000000018,0.020000000000000018,0.09999999999999964,0.10000000000000142,0.0,0.016311799999999987,-0.10000000000000009,-0.014019329622218746,-0.040482342807924176,2.05,5.0,5.9,0.92,-0.1,3.42767044092529e-05,-0.0046060285720814775,-0.1356209150326797,-5.472555135999091e-05,-0.05084745762711873,0.0020758661887694263,-0.0034753728759152613,0.017466822794691694
2015-11-30,0.009999999999999995,0.0,0.09299999999998931,0.07000000000000006,0.09000000000000008,-0.20000000000000018,0.0,0.09999999999999999,0.13743399,0.1900000000000004,-0.026716785338196436,-0.07585278276481155,2.13,5.1,2.8,1.3,-0.03,0.0005312707081324142,-0.007475014248341405,0.10775047258979198,0.0026269702276708884,-0.017857142857142794,-0.00015648519351996182,0.0042965916411763505,-0.03068955596048717
2015-12-31,0.12000000000000001,0.12,-0.025999999999982037,-0.06000000000000005,-0.030000000000000027,0.10000000000000053,0.20000000000000284,0.11000000000000001,-0.018783470000000024,0.05999999999999961,-0.019058605801415385,-0.012141816415735973,2.01,5.0,-3.4,1.0,-0.03,-0.0001484484284448584,-0.005020203503281473,-0.022184300341296925,-0.04519650655021834,-0.07272727272727275,0.004792177496888428,0.0021870896050106836,0.016721084396952524
2016-01-29,0.08999999999999997,0.10000000000000003,-0.07900000000003615,-0.09000000000000008,-0.050000000000000044,0.2999999999999998,0.0,0.03,0.08708373999999997,-0.21999999999999975,0.0408258244940336,-0.08751229105211389,1.83,4.8,3.5,0.66,-0.03,-0.00045112180859896434,0.005223420491413888,-0.04712041884816753,0.03304367710953571,0.0980392156862746,0.0036789793799139048,-0.005896791036877569,0.041650447644998145
2016-02-29,0.0,0.03999999999999998,0.24500000000000455,-0.10999999999999988,-0.10999999999999988,-0.5,0.09999999999999432,0.04999999999999999,-0.1957679699999999,-0.16999999999999993,-0.0027249786703748002,-0.0393318965517242,1.47,4.9,6.6,0.74,-0.03,0.001399680073126186,-0.00545166797713148,0.1217948717948718,0.0005534034311012181,-0.017857142857142794,0.001071565816311404,0.008086472016750834,-0.06025784753363239
2016-03-31,-0.03999999999999998,-0.020000000000000018,1.3190000000000168,0.24,0.32999999999999985,0.39999999999999947,0.20000000000000284,-0.020000000000000018,0.012669419999999931,0.08999999999999986,-0.03979206229686505,0.15872125630959055,1.59,5.0,7.0,0.82,0.0,0.0075248880394787054,-0.007308398440659225,-0.09306122448979592,-0.04369469026548667,0.0,8.120418423018805e-05,-0.0026302819380601417,0.05596977830798289
2016-04-29,0.04999999999999999,0.010000000000000009,1.8930000000000007,0.07000000000000006,0.07000000000000006,-0.39999999999999947,-0.10000000000000142,-0.05999999999999997,-0.20613473999999998,-0.04999999999999982,0.061793100271269275,0.046466602129719314,1.58,5.1,6.7,0.48,0.03,0.010718896514235299,0.00281289368545079,0.046804680468046866,0.021631000578369086,-0.09090909090909094,-0.001860162985709235,0.00395582784963322,-0.0537563547354547
2016-05-31,-0.010000000000000009,0.0,1.84699999999998,-0.020000000000000018,0.040000000000000036,-0.2999999999999998,-0.19999999999999574,0.04000000000000001,0.06837715,-0.020000000000000018,-0.015153427467066383,0.0818686401480111,1.53,4.8,4.6,0.38,-0.03,0.010347512843353002,-0.0021844904226698825,-0.012897678417884806,0.0018682065217390242,0.020000000000000018,-0.0005102795444460462,0.0037970964266611507,-0.028852850462640522
2016-06-30,0.010000000000000009,0.010000000000000009,1.5720000000000027,-0.13000000000000012,-0.08000000000000007,-0.3000000000000007,0.0,0.0,0.10544869000000001,-0.16000000000000014,0.028677642592251473,-0.00427533133817859,1.37,4.9,7.6,0.12,-0.03,0.008716674799272406,0.004841641578067879,0.04790940766550533,0.0017517093292649388,0.03921568627450989,0.00047354440588676106,0.011918611196589435,-0.04958508349554347
2016-07-29,0.0,0.010000000000000009,1.1040000000000134,-0.010000000000000009,-0.050000000000000044,0.20000000000000018,0.09999999999999432,0.02999999999999997,-0.35375158,0.0,0.0017402560745936047,-0.06311721768999579,1.2,4.8,2.7,0.12,-0.03,0.006068735020559046,0.0010989845787647834,0.029925187032418865,0.022281137184115396,-0.15094339622641506,0.003372406907517611,-0.0016020767661784063,0.0327692141856204
2016-08-31,0.0,0.010000000000000009,0.6379999999999768,0.010000000000000009,-0.08999999999999986,0.0,0.10000000000000142,0.0,0.06149051999999999,-0.04999999999999982,0.02035807594661221,0.025206232813932195,1.26,4.9,9.0,0.14,0.07,0.0034859578188175533,-0.0008154923307297501,-0.05488297013720744,-0.011366771505821327,0.11111111111111116,0.0008697510890314231,-0.00023772556069800999,0.00490554221897499
2016-09-30,-0.010000000000000009,0.0,0.29000000000002046,0.040000000000000036,0.050000000000000044,0.0,0.0,-0.010000000000000009,-0.010763159999999994,-0.010000000000000231,-0.023461781644219637,-0.0058113544926240435,1.34,5.0,0.7,0.14,0.1,0.001579021877620379,-0.0009700735352192735,-0.08795900939368062,0.0017860132834737197,0.040000000000000036,0.0021651238318272092,0.0057786001074973115,0.0
2016-10-31,0.020000000000000018,0.0,0.07499999999998863,0.1499999999999999,0.17999999999999994,0.10000000000000053,-0.10000000000000142,0.040000000000000036,0.07372251000000002,0.050000000000000266,-0.02898578988373901,0.0026978417266185772,1.43,4.9,0.1,0.14,0.1,0.0004077239219779649,0.0007358635145491288,0.22940074906367047,0.0009471279737032212,0.0,0.0014256005526041005,0.0026005752787738867,0.026069796427087732
2016-11-30,0.0,0.009999999999999953,0.2120000000000175,0.16000000000000014,0.1399999999999999,0.09999999999999964,-0.09999999999999432,0.12,0.05681251999999998,0.56,-0.0252748764574805,-0.03408071748878927,1.69,4.7,5.2,0.24,0.0,0.0011520299093048525,-0.003919693878997932,-0.13175932977913174,-0.010074585327841556,0.0,0.0022087366173306755,-0.00292542739241497,0.00870533454803124
2016-12-30,0.24000000000000005,0.13000000000000006,0.17199999999999704,0.10999999999999988,0.14000000000000012,-0.5,0.0,0.06,0.35384725,0.29000000000000004,0.06387421933112303,0.07195914577530194,1.98,4.7,5.2,0.06,-0.07,0.0009335902515807959,0.006977463058695177,0.0982456140350878,0.02771998875456827,0.03846153846153855,0.0020135014423992015,0.016374784752998695,-0.058203712995484214
2017-01-31,0.010000000000000009,0.10999999999999999,0.25199999999998113,0.07999999999999985,0.07999999999999985,0.40000000000000036,0.09999999999999432,0.0,0.02519448999999996,-0.1299999999999999,-0.053164652575289906,-0.005630142919012759,1.91,4.7,5.9,0.22,0.0,0.0013665424848297025,-0.002349759773162985,-0.04952076677316297,-0.03413940256045511,0.0,0.004523101430001564,0.007690704258124459,0.06606286627597235
2017-02-28,0.009999999999999898,0.010000000000000009,0.36700000000001864,0.010000000000000231,0.0,0.2999999999999998,0.10000000000000142,0.010000000000000009,0.04873051000000006,-0.03000000000000025,-0.0500868839498394,0.007839721254355503,1.89,4.6,4.1,0.08,0.03,0.0019874471322818277,-0.003709562980079739,0.06806722689075628,0.0027189305539823128,-0.0185185185185186,0.00263326350093096,-0.0004738435931295193,0.04297851074462766
2017-03-31,0.25,0.13,1.5089999999999861,-0.030000000000000027,-0.05999999999999983,0.0,0.0,0.21999999999999997,0.14212143999999993,-0.020000000000000462,0.07614487563646066,0.0004321521175454368,1.73,4.4,5.8,0.04,-0.03,0.008155610562839755,0.0064419976389840095,-0.06372934697088906,-0.03700146876059207,-0.05660377358490565,0.004135409260414669,-0.0017230093947327996,0.003449928126497248
2017-04-28,0.010000000000000009,0.10999999999999999,2.015000000000015,-0.08000000000000007,-0.09000000000000008,0.09999999999999964,0.10000000000000142,0.06000000000000005,-0.1507492399999999,-0.10999999999999943,-0.003291678756165539,0.05788336933045346,1.49,4.4,4.0,0.02,-0.13,0.010802262310022348,0.009507774086647158,-0.036974789915966366,0.00827125007332663,0.08000000000000007,0.0017412791537816386,0.004110057950611701,0.02358895998471966
2017-05-31,0.0,0.010000000000000009,1.9979999999999905,-0.07999999999999985,0.010000000000000009,0.5,-0.20000000000000284,0.08999999999999997,0.01065501999999996,-0.08000000000000007,0.011432443284481009,-0.01755818701510814,1.4,4.4,5.6,0.08,-0.13,0.010596658711217177,0.0012039012800950655,0.009598603839441555,-0.006865254828950396,-0.05555555555555569,0.00669335352879652,-0.005855365978379101,0.07949244261989175
2017-06-30,0.2300000000000001,0.13,1.7280000000000086,-0.10000000000000009,-0.1200000000000001,-0.2999999999999998,0.0,0.08999999999999997,-0.04029744999999996,-0.07000000000000028,0.0007106072019444909,-0.049044056525353374,1.19,4.3,-0.5,0.14,-0.03,0.009068581144908494,0.001944499373805364,0.07951598962834927,0.00304628002343299,0.03921568627450989,0.00018628244717810993,0.0052909669598311115,-0.037856525496974935
2017-07-31,0.010000000000000009,0.10999999999999988,1.245999999999981,0.040000000000000036,0.010000000000000009,0.09999999999999964,0.10000000000000142,0.09000000000000008,-0.011095230000000011,0.040000000000000036,0.005922811054194899,0.027972027972027913,1.23,4.3,5.7,0.18,-0.03,0.006480267948157703,-0.00227863317893251,-0.03442754203362686,0.0075341665693260396,0.09433962264150941,0.002578815034491644,0.00019217234015456164,0.01590010779734108
2017-08-31,0.0,0.010000000000000009,0.835000000000008,0.010000000000000009,-0.019999999999999796,0.0,0.0,-0.06000000000000005,-0.05415596,-0.10000000000000009,-0.016927328530568997,0.01998299319727903,1.18,4.4,4.3,0.24,0.03,0.004314754911586283,-0.004300927022110157,-0.038971807628524036,-0.012231175004347672,0.051724137931034475,0.000535871219428552,0.0012368717472073243,0.0027411795914757953
2017-09-29,-0.010000000000000009,-0.010000000000000009,0.4689999999999941,0.050000000000000044,0.05999999999999983,-0.2999999999999998,0.20000000000000284,0.020000000000000018,-0.10564752,0.010000000000000231,-0.0040015725478083075,0.07669862442684461,1.15,4.3,4.6,0.06,-0.03,0.002413085198886611,0.0010475175639799161,0.018981880931837836,0.07500000000000018,-0.13114754098360648,0.0012854021166288643,0.022332137168735944,-0.03686067019400352
2017-10-31,0.010000000000000009,0.0,0.26600000000001955,0.030000000000000027,0.050000000000000044,0.10000000000000053,-0.3999999999999986,0.040000000000000036,0.16393086999999995,0.10999999999999988,0.021337847063490845,-0.03677893921796371,1.27,4.2,5.6,0.02,-0.07,0.0013653208503998648,0.012323516617452679,0.06435224386113458,0.009062124686101125,0.037735849056603765,0.0020040794785114446,0.0012365144838784037,0.012818165171214035
2017-11-30,0.0,0.010000000000000009,0.3649999999999807,-0.010000000000000009,0.020000000000000018,-0.5,0.0,0.15999999999999992,0.02304693999999996,-0.040000000000000036,-0.0005205514295938407,0.01808681672025725,1.1,4.2,0.7,0.02,-0.1,0.0018709121850202237,0.0025901477354524083,0.012728719172633296,-0.026455312702878153,-0.12727272727272732,0.0007829460123136567,0.00985646493643455,-0.05939251491592845
2017-12-29,0.26,0.14000000000000012,0.39500000000001023,0.04999999999999982,0.010000000000000009,-0.6000000000000005,0.0,0.09000000000000008,-0.17914122,0.0900000000000003,0.03504898987059324,-0.02408211606790367,1.06,4.1,2.5,0.1,-0.03,0.0020209048537529473,0.0019514179876101156,-0.07541241162608014,-0.005112531258683051,0.16666666666666674,0.001457985135663753,0.0060473718530345,-0.08841902931283041
2018-01-31,0.010000000000000009,0.10999999999999988,0.2680000000000007,0.14000000000000012,0.16999999999999993,0.7999999999999998,0.0,0.08999999999999986,0.30073878,0.16000000000000014,0.026081826871486413,0.054611650485437035,1.15,4.0,1.8,0.2,0.0,0.0013683802054613725,-0.0006248934280727036,0.10365335598980452,-0.022063341339440323,0.0714285714285714,0.006597542788154165,-0.005748067638978949,0.14043226146547183
2018-02-28,0.010000000000000009,0.010000000000000009,0.7889999999999873,0.06000000000000005,0.040000000000000036,0.10000000000000053,0.29999999999999716,0.16000000000000014,0.21468127999999997,0.25,-0.06603905892274498,-0.022631377061756885,1.27,4.1,-1.2,0.06,0.0,0.004023047114011691,0.0036659010058790464,-0.016936104695919885,-0.002684487091615284,-0.04999999999999993,0.001728529198032902,0.00628472665266977,0.020800591661273904
2018-03-29,0.32999999999999985,0.09000000000000008,1.6690000000000111,-0.010000000000000231,0.050000000000000044,0.0,-0.10000000000000142,0.1299999999999999,-0.05893345999999999,0.040000000000000036,0.03206215728665507,0.03924646781789631,1.11,4.0,1.5,0.02,0.0,0.008475996526314145,0.004701981809177136,0.03210649960845724,0.009564171582383763,-0.08771929824561409,0.0030778115844039,-0.0019896070122695786,0.0009961963412423724
2018-04-30,0.010000000000000009,0.17999999999999994,2.0430000000000064,0.040000000000000036,0.029999999999999805,0.0,0.0,0.06000000000000005,-0.015181499999999959,0.13999999999999968,0.03874085943695382,0.07477341389728087,1.08,4.0,3.5,0.02,-0.07,0.010288148737523928,0.01078497438972037,-0.03186646433990892,0.0013047424551848597,0.07692307692307687,0.002373245518568101,0.004483807702169829,0.004252239211073983
2018-05-31,0.010000000000000009,0.010000000000000009,1.8389999999999986,0.010000000000000231,0.050000000000000266,0.0,0.0,0.10000000000000009,0.20173747000000009,-0.020000000000000462,-0.03200575125808769,0.04075895994378076,1.08,3.8,3.1,0.18,-0.1,0.009166537899821137,-0.009247504518765992,0.06347962382445149,-0.0052688232961305426,-0.017857142857142794,0.003138155913112284,0.011381407072156513,0.005225225225225172
2018-06-29,0.20999999999999996,0.1200000000000001,1.5929999999999893,-0.020000000000000018,-0.03000000000000025,0.20000000000000018,0.10000000000000142,0.039999999999999813,0.029636339999999928,-0.009999999999999787,-0.0004848963414283425,-0.043551654287643515,0.97,4.0,4.9,0.0,-0.03,0.007868220883137322,0.007825875491131562,-0.12159174649963156,0.0007404032349926926,0.05454545454545445,0.0037847311933074668,-0.005118456686396211,0.027962000358487282
2018-07-31,0.0,0.08999999999999986,0.9089999999999918,0.0,-0.029999999999999805,0.09999999999999964,0.0,0.06000000000000005,-0.0904944299999999,-0.009999999999999787,-0.006459153071477264,0.004588775150017543,0.9,3.8,4.4,0.02,0.0,0.004454724997917214,0.0013663796946286055,0.01342281879194629,-0.0065448750782540754,0.034482758620689724,0.004528727156362766,0.005899024066921221,0.022929380993897075
2018-08-31,0.0,0.0,0.3780000000000143,-0.020000000000000018,-0.06000000000000005,0.09999999999999964,-0.3999999999999986,0.06999999999999984,0.10000790999999998,-0.020000000000000462,0.010131441436138422,-0.006676036542515806,0.82,3.8,2.1,0.06,0.03,0.001844244298943254,0.0072319308181090225,0.0662251655629138,-0.0037809349220897515,0.08333333333333326,0.0038088642659279692,-0.0015268875351900357,0.01644933094690182
2018-09-28,0.27000000000000024,0.040000000000000036,0.04599999999999227,0.020000000000000018,0.020000000000000018,0.10000000000000053,0.19999999999999574,0.10000000000000009,-0.1230947200000001,0.20000000000000018,-0.0022736435041622594,0.006013441811107079,0.83,3.7,3.9,0.16,-0.07,0.0002240187006914418,0.00035933655327080594,-0.029503105590062084,0.025186889016676206,0.01538461538461533,4.139358399446458e-05,-0.0016612089505028127,0.018027838336407864
2018-10-31,0.020000000000000018,0.24,-0.0049999999999954525,-0.010000000000000231,-0.010000000000000009,-0.10000000000000053,0.10000000000000142,0.1200000000000001,0.16797991000000012,0.14000000000000057,0.01648509476272464,-0.011603375527426185,0.86,3.8,3.9,0.36,-0.07,-2.4344405168741368e-05,-0.001713438873740425,-0.0232,0.026419115997307507,0.09090909090909105,0.0032147686194432534,0.011057443544582046,-0.005189028910303928
2018-11-30,0.0,0.010000000000000231,-0.26300000000000523,-0.10000000000000009,-0.1399999999999999,-0.09999999999999964,0.0,0.08000000000000007,0.008531539999999893,-0.05000000000000071,0.015929503633614672,-0.09676271789398783,0.75,3.8,-1.0,0.2,-0.07,-0.0012805468860312974,0.0005868787383453977,-0.03276003276003281,-0.015246734794251093,-0.11111111111111105,0.0031975904608656514,0.0043376318874559505,-0.006540818016227745
2018-12-31,0.19999999999999973,0.06999999999999984,-0.4089999999999918,-0.19999999999999973,-0.25,1.9000000000000004,0.10000000000000142,0.040000000000000036,-0.05369168999999996,-0.2599999999999998,-0.04321082662819442,-0.10752264671130374,0.42,3.9,11.4,0.22,0.07,-0.0019939742002164085,-5.865345137090472e-05,-0.07281964436917865,0.00815760266370713,0.18749999999999978,0.012653629178747794,-0.022894200465112147,0.2600216684723726
2019-01-31,0.0,0.1299999999999999,-0.4939999999999998,-0.020000000000000018,0.029999999999999805,-0.09999999999999964,0.10000000000000142,0.0,-0.21453232,-0.08999999999999986,0.012063896302239918,-0.0044130626654899086,0.29,4.0,3.1,0.8,0.13,-0.002413181638325601,-0.005977233433274387,0.12511415525114145,-0.048219298728463755,-0.07894736842105254,0.001211645333134781,0.007103392030508804,-0.011177987962166847
2019-02-28,0.0,0.0,0.22800000000000864,0.08999999999999986,0.13000000000000012,0.1999999999999993,0.0,0.020000000000000018,0.027748509999999893,-0.11000000000000032,0.004224552386077329,0.05939716312056764,0.24,3.8,3.6,0.86,0.17,0.0011164703866024528,-0.005260561268416342,-0.08441558441558439,-0.018680238274246697,-0.08571428571428563,0.002981502515008838,0.0010333571332437064,0.03290969899665552
2019-03-29,0.03000000000000025,0.010000000000000231,1.34699999999998,0.030000000000000027,0.06000000000000005,-0.40000000000000036,-0.10000000000000142,0.009999999999999787,-0.5509751999999999,-0.29000000000000004,0.017957956984428813,0.09748953974895391,0.12,3.8,5.8,0.58,0.13,0.0065886335066496216,-5.83491848626938e-06,0.05939716312056742,0.045084865629420046,-0.109375,0.0005796984220070023,0.01653031925802706,-0.043776712861028466
2019-04-30,0.020000000000000018,0.009999999999999787,1.9120000000000061,0.030000000000000027,0.020000000000000018,-0.1999999999999993,-0.10000000000000142,-0.020000000000000018,-0.09690390000000004,0.14000000000000057,-0.03606255801471869,0.100648112847884,0.1,3.6,4.5,0.62,0.0,0.009291024831138639,-0.005645316575349613,0.06025104602510467,-0.047087351266001276,0.01754385964912264,-0.0021625044631128354,-0.0002846997426493303,-0.022280915616957775
2019-05-31,-0.050000000000000266,-0.029999999999999805,1.663000000000011,-0.10999999999999988,-0.13000000000000012,-0.3000000000000007,0.0,-0.029999999999999805,0.12012505000000007,-0.20999999999999996,0.011599275494696304,-0.022514721163837903,0.0,3.7,4.7,0.36,-0.07,0.008006663392745361,0.0016733807278570545,0.03157063930544601,0.04894070304178011,0.15517241379310343,0.00019578984323320725,0.006529777534605374,-0.02756805430491094
2019-06-28,0.0,-0.010000000000000231,1.2379999999999995,-0.13000000000000012,-0.15999999999999992,-0.09999999999999964,0.10000000000000142,-0.18000000000000016,-0.11912718000000005,-0.26000000000000023,-0.03301753128803231,-0.059532246633593244,-0.15,3.6,7.7,0.16,-0.03,0.005913118238483062,0.0006844419796288026,-0.0604437643458301,-0.0025387870239775845,-0.22388059701492535,0.0017955139152328048,-2.8961679242711647e-05,-0.014103568630244423
2019-07-31,0.0,0.020000000000000018,0.7529999999999859,0.050000000000000044,0.030000000000000027,-0.09999999999999964,0.10000000000000142,-0.06999999999999984,0.01927026000000004,0.020000000000000018,0.032250566217665755,0.02298417483044468,-0.08,3.7,2.5,0.34,0.03,0.0035754476431959503,-0.004543888971824339,0.01384364820846895,-0.007296380090497823,0.13461538461538458,0.002055076037813297,0.007989199208654929,-0.011559858391734679
2019-08-30,-0.27,-0.27,0.35900000000000887,-0.15999999999999992,-0.20000000000000018,0.29999999999999893,0.0,-0.15000000000000013,-0.020520090000000046,-0.16999999999999993,-0.0075100130299302625,-0.051933701657458586,-0.36,3.7,4.4,0.16,0.07,0.0016985559908402337,0.007368883277986793,0.09799196787148601,0.004786052076804825,-0.0847457627118644,0.005950860016944892,0.007256178692517601,0.04656092390907096
2019-09-30,-0.22999999999999998,-0.08999999999999986,0.1769999999999925,0.0,0.010000000000000009,0.20000000000000107,0.10000000000000142,-0.06000000000000005,-0.18504626999999998,0.06000000000000005,0.021071574705577634,0.026418026418026486,-0.23,3.5,9.5,0.88,0.0,0.0008360295680513996,-0.0023731359839028743,-0.049012435991221626,0.007655231074567448,0.0,0.0027004806053354535,-0.008186954852158701,0.023536806816594424
2019-10-31,-0.31999999999999984,-0.20999999999999996,0.09200000000001296,-0.030000000000000027,0.010000000000000009,0.0,0.09999999999999432,-0.24,0.13331901,0.13999999999999968,-0.010027785321829241,-0.017411052233156643,0.03,3.6,11.1,1.62,-0.03,0.0004341834519472343,-0.009063556077888224,0.024615384615384706,-0.019414743950478264,-0.0185185185185186,0.0014465991587058191,0.002535431886264039,0.006345957011258951
2019-11-29,-0.020000000000000018,-0.28,0.13700000000000045,0.07999999999999985,0.15000000000000013,0.0,0.0,-0.10999999999999988,0.06528732000000004,-0.09999999999999964,0.012843952215509713,-0.006548536209553091,0.24,3.6,8.8,0.52,-0.07,0.0006462751905804698,0.005371930922755563,0.010510510510510551,0.012625538020085925,0.018867924528301883,0.004113856640749924,0.007759191419870248,0.010713317059940275
2019-12-31,-0.010000000000000009,0.0,0.12999999999999545,0.08000000000000007,0.07000000000000006,-0.5999999999999996,0.0,0.0,0.08065307999999993,0.06000000000000005,-0.03219232051398624,-0.003101977510663101,0.29,3.6,3.8,0.56,0.0,0.0006128577557149573,-0.0025844852566863086,0.1523031203566121,-0.005950694247662258,0.03703703703703698,-0.004382068654618765,0.002218299989488859,-0.07332617737823688
2020-01-31,0.040000000000000036,0.0,0.16200000000000614,0.0,0.029999999999999805,0.7999999999999989,0.0,-0.020000000000000018,-0.00916861999999996,-0.23000000000000043,-0.02978534355208662,-0.02528199144301846,0.21,3.5,6.7,0.28,0.0,0.0007632472874097296,-0.00497821051391778,0.013539651837524147,-0.012884834663626,0.017857142857143016,0.008762759603411885,-0.002916955266797583,0.10388764207630485
2020-02-28,-0.010000000000000009,0.030000000000000027,0.8220000000000027,-0.09999999999999987,-0.06999999999999984,0.20000000000000107,0.0,0.0,-0.18911052,-0.05999999999999961,0.025677930031448026,-0.01596169193934538,-0.04,3.5,6.3,0.08,0.0,0.003869819643807171,0.0025272054355631735,-0.004452926208651453,-0.014612452350698857,-0.01754385964912286,0.005485257133804433,0.0007494510599692639,0.03698845750262336
2020-03-31,-1.5,-0.93,1.9779999999999802,-0.6300000000000001,-0.91,4.5,-0.6999999999999957,-1.23,-0.44382323999999995,0.04999999999999982,-0.021361289288478136,-0.18694241686942425,0.57,4.4,41.7,100.0,0.3,0.009276150725725074,-0.03902079049127749,-0.19041533546325884,-0.3153976906394701,0.1607142857142858,-0.014724804369518396,-0.058733106184691075,0.45307361497596754
2020-04-30,-0.03,-0.6,2.046999999999997,0.1100000000000001,0.08999999999999997,19.999999999999996,-2.5,-0.14999999999999997,0.01624302999999999,-0.27,0.008623305633986833,-0.11571072319201992,0.52,14.7,73.1,100.0,4.0,0.009511507204490455,-0.13381462763343266,-0.2699289660615627,-0.23604452054794522,0.06153846153846154,0.14909551254289233,-0.12297663857961072,1.7977454735376046
2020-05-29,0.0,0.0,1.2489999999999952,0.020000000000000018,0.010000000000000009,-8.899999999999999,0.6999999999999957,-0.010000000000000009,0.0837379,-0.08000000000000007,-0.019746122702711366,0.10547095318668931,0.54,13.2,48.8,0.12,7.27,0.005748872318880549,0.01625690472222141,0.13945945945945937,0.38159811722514836,-0.21739130434782605,-0.04770906054667112,0.1797226466344113,-0.29829965308567075
2020-06-30,0.03,0.03,1.3260000000000218,0.1499999999999999,0.24,-4.799999999999997,0.7000000000000028,0.03,-0.12584284,-0.020000000000000018,0.020722155429377498,0.10918367346938784,0.57,11.0,16.3,0.02,9.5,0.006068399928607082,0.06501212005601742,0.2011385199240987,0.07649253731343286,-0.2962962962962964,-0.009188109648428533,0.06717317300211811,-0.19795592604088164
2020-07-31,0.020000000000000004,0.009999999999999995,1.7549999999999955,0.18999999999999995,0.30000000000000004,-0.9000000000000021,0.0,-0.03,-0.19164514,-0.13999999999999968,0.040646739568740875,0.0004599816007360147,0.49,10.2,2.2,0.04,8.0,0.007983260172401918,0.03769993174061437,0.20774091627172186,0.1359354984552783,-0.10526315789473684,0.006126901213704183,0.012304554581445082,-0.03587914973602002
2020-08-31,-0.010000000000000009,0.010000000000000009,2.4799999999999898,0.19999999999999996,0.24,-3.6999999999999993,0.20000000000000284,-0.03,-0.0617895,-0.08000000000000007,-0.020654716629113445,0.021609195402298997,0.55,8.4,1.2,0.0,6.37,0.011191840787039053,0.009195448268894069,-0.09941137998691951,0.04172470978441134,-0.02941176470588236,-0.038663099644519416,0.005867281631599663,-0.22173800854382297
2020-09-30,0.0,-0.010000000000000009,2.7549999999999955,0.0,-0.020000000000000018,-0.9000000000000004,-0.30000000000000426,0.009999999999999995,0.06379707000000001,-0.010000000000000231,-0.012537160620830212,-0.023852385238523843,0.57,7.9,11.5,0.02,5.3,0.012295264872584477,-0.0004557395547518661,0.06245461147421927,0.0629139072847682,0.030303030303030276,0.0038439056622954215,0.01889380897202453,-0.05349051390679671
2020-10-30,0.0,0.0,3.0160000000000196,0.040000000000000036,0.030000000000000027,-0.5999999999999996,0.30000000000000426,-0.009999999999999995,0.05159848,-0.08999999999999986,0.008337257757498273,-0.011987090825265168,0.69,6.9,7.4,0.04,4.2,0.013296594290752806,0.006101556272458231,0.05058099794941895,0.023484303858135602,-0.02941176470588236,-0.004468439274163405,-0.00391745919567188,-0.04168450550733682
2020-11-30,0.0,0.0,2.509999999999991,0.010000000000000009,0.06999999999999984,-0.6999999999999993,-0.20000000000000284,-0.010000000000000009,0.07778280999999998,-0.08999999999999986,-0.03398087306500941,-0.010732617825478186,0.78,6.7,11.2,0.28,3.63,0.010920592931635387,0.004430193343924804,0.005204944697462688,-0.034652306251463316,0.21212121212121215,-0.013134890108143504,-0.005419159112872607,-0.061205426041751165
2020-12-31,0.0,0.0,2.054000000000002,0.20999999999999996,0.2400000000000002,0.5,0.0,0.0,-0.018365820000000005,-0.050000000000000266,0.05742170598380203,0.05801886792452815,0.84,6.7,9.7,0.1,3.23,0.008840073853781494,0.011553185953638634,0.07637540453074432,0.026376424933300946,0.02499999999999991,0.0009019165727170986,0.017627259011446794,0.03949816136707773
2021-01-29,-0.01999999999999999,0.0,2.076999999999998,0.16000000000000014,0.22999999999999998,6.199999999999999,-0.20000000000000284,-0.009999999999999995,-0.0026957499999999968,0.06000000000000005,-0.021329506585866964,0.06642888987962547,1.0,6.3,11.5,0.0,3.03,0.00886073249290753,0.008249009445228328,-0.036680697534576034,0.023630885567436755,-0.024390243902438935,0.1005824992758988,0.028840323675574986,0.6045863159647078
2021-02-26,0.0,-0.009999999999999995,2.782999999999987,0.10000000000000009,0.20999999999999996,-6.6,0.10000000000000142,-0.04,0.0041934100000000085,0.2400000000000002,0.0556401249598828,0.10075250836120397,1.22,6.2,14.1,0.0,2.87,0.011768337547889418,-0.03451180155410427,-0.1123595505617978,-0.07046805563571301,0.2250000000000001,-0.08400977823523903,-0.025418020910835226,-0.38321877836856444
2021-03-31,-0.010000000000000009,-0.009999999999999995,4.999000000000024,0.09999999999999964,0.18999999999999995,12.9,0.10000000000000142,-0.010000000000000002,0.24333067,0.19999999999999973,-0.05613911775807989,0.08317508545385488,1.58,6.1,17.6,0.0,2.33,0.020893151944496813,0.028945922595581264,0.19549929676511946,0.1314416987458089,-0.10204081632653061,0.2267297464677227,0.10565576042976699,1.4107232968881411
2021-04-30,-0.009999999999999995,0.0,5.594999999999999,0.07000000000000028,0.029999999999999805,-13.5,0.10000000000000142,-0.009999999999999998,0.10554007,-0.18999999999999995,0.00592988940066741,0.007012622720897532,1.61,6.1,15.7,0.32,-0.07,0.022905544820358337,0.0015641702102511257,-0.12705882352941178,0.02370630521867989,0.06818181818181812,-0.15349304409828302,0.004044706177352975,-0.5845238718230501
2021-05-28,0.0,-0.010000000000000009,5.625,0.1200000000000001,0.1200000000000001,-2.5,-0.10000000000000142,0.0,-0.08109936000000001,-0.029999999999999805,-0.005126241657004926,0.051532033426183954,1.6,5.8,13.0,0.18,-0.13,0.022512697161198858,0.008772126167226002,0.07816711590296488,-0.07922808898418665,0.1914893617021276,-0.02916131253573695,-0.013198208388001675,-0.21403980183054838
2021-06-30,0.03,0.020000000000000004,5.722999999999985,-0.13000000000000034,-0.18999999999999995,-1.0,0.20000000000000284,0.02,-0.04261243,0.06999999999999984,0.03518274455919945,0.023509933774834568,1.48,5.9,2.7,0.06,-0.03,0.0224006199996869,0.0036187302573453817,0.038124999999999964,-0.08266868486930201,0.03571428571428581,-0.005180362752051804,0.005743816960765313,-0.10149572649572647
2021-07-30,-0.009999999999999995,0.020000000000000004,4.335000000000036,-0.009999999999999787,0.040000000000000036,0.5999999999999996,0.09999999999999432,0.010000000000000002,0.04070593,-0.2200000000000002,-0.020282849335283126,0.014558395341313535,1.27,5.4,7.8,0.02,-0.23,0.016596033031274215,0.0061652343090514705,-0.04093919325707407,-0.043790061559941584,-0.01724137931034475,0.007212609653310942,-0.019963020637693396,0.08460166468489883
2021-08-31,-0.010000000000000009,-0.010000000000000009,3.277999999999963,0.020000000000000018,-0.009999999999999787,-0.40000000000000036,-0.09999999999999432,0.0,-0.29605987,0.07000000000000028,0.017843659803919554,0.000956632653061229,1.23,5.2,12.8,0.26,-0.2,0.012344563195275882,2.397049232394366e-05,-0.010671688637790333,-0.10493130682949492,0.14035087719298245,-0.0012324689196619998,0.010233205449274863,-0.038316066436441254
2021-09-30,0.0,-0.009999999999999995,2.657000000000039,-0.010000000000000231,0.009999999999999787,-1.5999999999999996,0.0,-0.010000000000000002,0.06628792,0.13999999999999968,-0.008869352962489696,0.011468620579802469,1.33,4.8,9.4,0.34,-0.37,0.009883937207053162,-0.010627662283833716,-0.010152284263959421,-0.05598398339018251,-0.07692307692307687,-0.014061155267554248,0.00779238479020794,-0.18570451436388513
2021-10-29,0.010000000000000009,0.0,2.2159999999999513,0.18999999999999995,0.25,-0.6000000000000005,0.09999999999999432,0.010000000000000002,0.28263201,0.13000000000000034,-0.025284806412449234,0.06551181102362214,1.53,4.5,9.5,0.04,-0.27,0.008162754119133364,0.01254878287607486,0.007692307692307665,0.07312858377189535,0.1333333333333333,0.00030166493369776504,0.018262161525008258,-0.06894862102757948
2021-11-30,0.0,0.0,2.3770000000000095,0.0900000000000003,0.22999999999999998,-0.20000000000000018,0.10000000000000142,0.0,0.07609674000000001,-0.040000000000000036,0.017904746865114785,-0.000886786875554324,1.51,4.2,11.4,0.02,-0.33,0.008684913388358417,0.00889890284084971,0.08905852417302795,-0.00878348704435672,-0.11764705882352944,-0.002656417429691582,0.011069832552630166,-0.01593865122923077
2021-12-31,0.0,0.0,2.583000000000027,-0.16000000000000014,-0.22999999999999998,0.40000000000000036,0.10000000000000142,0.009999999999999995,-0.07230871000000001,0.009999999999999787,-0.030242326458108648,-0.031065088757396442,1.4,3.9,7.9,0.2,-0.27,0.009356322671786321,-0.0030741987665655612,0.04380841121495327,-0.02732240437158462,-0.06666666666666676,-0.003853700903914792,-0.004370222842313365,0.048437619375047536
2022-01-31,0.009999999999999995,0.0,3.3859999999999673,-0.009999999999999787,0.04999999999999982,-2.8,0.20000000000000284,0.09,0.22780593,0.43999999999999995,0.08444667078606516,0.02839694656488545,1.61,4.0,1.7,0.1,-0.2,0.012151313640979877,0.0013549947465456569,-0.06603245663122548,0.18053446705132092,0.03571428571428581,-0.022339765945904033,0.020536784002738395,-0.3838082052029439
2022-02-28,0.0,0.0,5.2450000000000045,0.009999999999999787,0.07000000000000028,-0.20000000000000018,0.0,0.18000000000000002,0.12209779000000004,0.3400000000000003,-0.014924327289658312,0.07125890736342044,1.62,3.8,2.8,0.06,-0.13,0.018596718893486353,0.006472802647325748,0.06111443978430198,-0.08900321543408363,0.06896551724137945,-0.0007993288280254696,0.009639859193067979,-0.03819772942289501
2022-03-31,0.25,0.12000000000000001,7.838999999999999,0.3900000000000001,0.54,-0.7000000000000002,0.19999999999999574,0.10999999999999999,-0.09450297000000002,0.7799999999999998,-0.020670748714454512,0.17267184035476713,1.68,3.6,0.1,0.12,-0.1,0.02728658748833901,0.007881852855032623,-0.03274985883681536,-0.011224057602710724,0.12903225806451601,-0.004065954408420169,0.01956109099151626,-0.14447313414484197
2022-04-29,0.0,0.13,6.665999999999997,0.029999999999999805,-0.0900000000000003,-0.19999999999999973,-0.19999999999999574,0.32,0.60231035,0.4299999999999997,0.013662954336716826,-0.029307492318600747,1.99,3.6,0.8,0.3,-0.13,0.022587192458737526,0.003096274322293535,0.0525394045534151,0.05225958449346768,0.2142857142857142,-0.000590808611201421,0.009352757289923685,-0.06424259844782976
2022-05-31,0.49999999999999994,0.44,4.78000000000003,-0.18999999999999995,-0.29000000000000004,-0.20000000000000018,0.09999999999999432,0.21999999999999997,0.25449749,0.0,0.008538329613842377,0.12588263939615274,1.91,3.6,-3.0,0.34,-0.07,0.01583888080745166,-0.00017899651054087418,-0.14420410427066,-0.11506886491620882,-0.0235294117647058,-0.0012487379775759644,-0.0012795313653323204,-0.053908769774228316
2022-06-30,0.7500000000000001,0.43999999999999995,1.7649999999999864,-0.06999999999999984,-0.13999999999999968,-0.6999999999999997,-0.09999999999999432,0.51,-0.17880425,0.6000000000000005,-0.0023614428546722133,0.05363321799307963,1.6,3.6,-3.1,0.18,0.0,0.005757268347419187,-0.0008815210421796449,0.01166558651976679,0.03657134094916814,0.14457831325301185,-0.004209784256869908,0.0054344532212771135,-0.17808441558441557
2022-07-29,0.7399999999999998,0.47,-1.1990000000000123,-0.26000000000000023,-0.31000000000000005,0.7999999999999998,-0.10000000000000142,0.74,0.03708142000000003,-0.40000000000000036,0.001540538944993175,-0.11124794745484401,0.6,3.5,-0.2,0.02,-0.03,-0.003888640240777952,0.004348194452424625,-0.12171684817424733,0.021079881656804744,0.06315789473684208,0.008488556144018222,-0.005602663023093868,0.27335571795378244
2022-08-31,0.010000000000000231,0.6500000000000001,-3.48599999999999,0.1499999999999999,0.10000000000000009,-0.2999999999999998,0.19999999999999574,0.3999999999999999,-0.20654963000000004,0.25,-0.00827654862495708,-0.11616628175519628,0.18,3.7,0.4,0.12,0.03,-0.011350057792176016,0.0009851376089855535,0.09773887673231219,-0.00485331401666067,-0.13861386138613863,0.003271479847948955,0.005014565477293065,-0.059407476345587185
2022-09-30,0.75,0.22999999999999998,-3.197999999999979,-0.1299999999999999,-0.22999999999999998,-0.20000000000000018,0.0,0.5,0.34862338000000004,1.1500000000000004,-0.010117391554563038,-0.030310948523647796,0.3,3.5,-6.2,0.18,0.0,-0.01053189702584223,0.0028469192439730673,-0.027906976744186074,0.027296549716115948,0.11494252873563227,0.0014917885620742144,-0.0011594241749993683,-0.05277044854881263
2022-10-31,0.0,0.52,-1.7789999999999964,0.010000000000000231,0.020000000000000018,0.0,-0.09999999999999432,0.5900000000000003,0.5930833499999999,0.3799999999999999,-0.023994670392562978,0.008353543519266982,0.11,3.7,-9.3,0.76,0.07,-0.005921098615081943,-0.0011291598529098446,-0.021189336978810647,0.1176220505916532,0.0,0.0030779979172432803,0.009774287267091175,0.005222841225626773
2022-11-30,0.75,0.6999999999999997,-1.8629999999999995,-0.020000000000000018,-0.03000000000000025,0.5,0.0,0.43000000000000016,0.13338102000000007,-0.5,0.03350106488213056,-0.05558524853019775,-0.43,3.6,-2.3,1.28,0.07,-0.0062376118283602455,-0.003294607751176404,-0.0034916201117318746,-0.05845432067457035,-0.030927835051546282,0.001301013870910639,-0.014772842422460464,0.15015587114651896
2022-12-30,0.5,0.31999999999999984,-2.5430000000000064,-0.11000000000000032,-0.1200000000000001,0.20000000000000018,0.09999999999999432,0.09999999999999964,-0.35458790000000007,-0.16000000000000014,0.031973876662471534,-0.12535370684776448,-0.74,3.5,-0.5,1.26,0.03,-0.0085677994939507,-0.015490338185342623,-0.04905395935529078,-0.06571948016968565,-0.09574468085106391,0.0007809065077728494,-0.007671685578917176,0.05752145761180527
2023-01-31,0.0,0.23000000000000043,-1.8220000000000027,-0.019999999999999574,-0.08999999999999986,0.2999999999999998,0.10000000000000142,0.29000000000000004,0.20697381999999998,-0.29000000000000004,-0.07198380522320003,0.12876091879650597,-1.16,3.4,-2.5,0.14,-0.07,-0.00619167691816247,0.010073506441545144,-0.012527634487840777,0.18594594594594582,-0.04705882352941182,0.016045270350018903,0.024927787406123558,0.10166595472020523
2023-02-28,0.2400000000000002,0.2400000000000002,0.9459999999999695,0.08999999999999986,0.2200000000000002,0.2999999999999998,0.10000000000000142,0.11000000000000032,-0.3628967999999999,0.3700000000000001,-0.007515911375782669,-0.042132416165090225,-1.04,3.6,-5.9,0.46,0.0,0.0032348073477315165,4.2928378877871154e-05,0.07164179104477619,-0.06180492251595249,0.024691358024691468,0.0017553709834594589,-0.00421411413253403,0.07948817371074068
2023-03-31,0.2599999999999998,0.08000000000000007,3.687000000000012,-0.03000000000000025,-0.07000000000000028,0.20000000000000018,0.10000000000000142,0.040000000000000036,0.6394341899999998,-0.17999999999999972,0.08376931602988158,0.023638539796528857,-1.2,3.5,-21.8,0.66,0.0,0.012566890487065052,0.0004692650879458693,-0.04526462395543174,-0.007254825754631433,-0.048192771084337394,0.002435174746335811,-0.008415616587504893,0.05220306513409945
2023-04-28,0.0,0.17999999999999972,0.0,-0.029999999999999805,-0.06999999999999984,-0.40000000000000036,0.0,0.22999999999999954,-0.6157224999999997,0.10999999999999943,-0.031395094997954565,0.06869336451330033,-1.61,3.4,-13.1,0.66,0.0,0.0,0.004787964364283193,0.02188183807439814,0.07353516899386658,-0.03797468354430389,0.0003920232900394005,0.003982445006329494,-0.08727810650887569
